,title,url
0,"신규상장 주식 투자 했다면? 카카오뱅크, 카카오페이, 크래프톤 주가...",https://blog.naver.com/yunvestor1/222663263664
1,"스톡옵션, 우리사주, 블록딜 :: 카카오페이 대표 사퇴, 카카오 주가",https://blog.naver.com/greenher/222635617134
2,"2021 카카오 주주환원정책 공시, 현금배당 및 자사주소각 계획",https://blog.naver.com/sexysbkang/222644857369
3,"밀크코인 전망 호재, 카카오 이후 추세",https://blog.naver.com/web24/222694489423
4,발산역 마사지 카카오풋앤바디에서 받은 커플마사지,https://blog.naver.com/liz_kang/222695498672
5,"청년 전세자금대출 이자 금리 조건 정리(버팀목, 카카오뱅크, 중소기업)",https://blog.naver.com/jamdoong/222698548568
6,"카카오뱅크 주택담보대출 금리 및 한도, 서류",https://blog.naver.com/thro4321/222659697727
7,김포 장기동 마사지 #카카오풋앤바디 아로마60분후기,https://blog.naver.com/o3obbbb/222698030400
8,발렌티노뷰티 카카오톡 선물하기 립스틱 각인 & 에코백 후기! 사틴 404R 하트 블룸 발색,https://blog.naver.com/marieeeee_/222686783412
9,용현4구역 매물 카카오부동산,https://blog.naver.com/jay-papa-/222693067105
10,카카오페이 손해보험 본허가에 대한 개인적인 소회,https://blog.naver.com/junsh1127/222700358370
11,카카오페이증권 펀드 손익 현황(4.8 기준),https://blog.naver.com/soopiaton/222697841018
12,"청년 전세자금대출 버팀목, 카카오뱅크 한도 및 조건 비교 정리",https://blog.naver.com/sdedy/222680713715
13,용기 있게 손절을... (feat. 카카오),https://cafe.naver.com/stockschart/2067871?art=ZXh0ZXJuYWwtc2VydmljZS1uYXZlci1zZWFyY2gtY2FmZS1wcg.eyJhbGciOiJIUzI1NiIsInR5cCI6IkpXVCJ9.eyJjYWZlVHlwZSI6IkNBRkVfVVJMIiwiY2FmZVVybCI6InN0b2Nrc2NoYXJ0IiwiYXJ0aWNsZUlkIjoyMDY3ODcxLCJpc3N1ZWRBdCI6MTY0OTk5MDc3ODMzOH0.IM8kvHUK4dDZ74oc2WgKvxNe2XhRRNei700K4tteIWc
14,"카카오뱅크 저금통 비우기, 나의 이자는?(feat. 현재 금리 3%)",https://blog.naver.com/vipro/222658780444
15,네이버 DSR 계산기와 카카오페이 장단점,https://blog.naver.com/siriniah/222696356320
16,카카오페이 해외 미국 주식 소수점거래 도전!,https://blog.naver.com/actor_pak/222700670487
17,카카오뱅크 신용대출 통합조건 안된다는데 방법없을까요,https://cafe.naver.com/sosllll/16415?art=ZXh0ZXJuYWwtc2VydmljZS1uYXZlci1zZWFyY2gtY2FmZS1wcg.eyJhbGciOiJIUzI1NiIsInR5cCI6IkpXVCJ9.eyJjYWZlVHlwZSI6IkNBRkVfVVJMIiwiY2FmZVVybCI6InNvc2xsbGwiLCJhcnRpY2xlSWQiOjE2NDE1LCJpc3N1ZWRBdCI6MTY0OTk5MDc3ODM0MH0.exjL-KBNblxehcgCNyMtBeBBCVwNtBprvH0G-xDEgzo
18,"세금을 받아챙기던데 웬일? 국세청, 카카오 김범수 8천억대 탈세 의혹에 “정상 납부” 결론이라고?/최석태/",https://blog.naver.com/choisttt/222696618685
19,"카카오뷰 :: 수익 구조, 채널 개설, 창작센터 저작권, 투잡 추천",https://blog.naver.com/alcmskfl17/222631095898
20,카카오뱅크 주택담보대출,https://cafe.naver.com/towngtx1/87513?art=ZXh0ZXJuYWwtc2VydmljZS1uYXZlci1zZWFyY2gtY2FmZS1wcg.eyJhbGciOiJIUzI1NiIsInR5cCI6IkpXVCJ9.eyJjYWZlVHlwZSI6IkNBRkVfVVJMIiwiY2FmZVVybCI6InRvd25ndHgxIiwiYXJ0aWNsZUlkIjo4NzUxMywiaXNzdWVkQXQiOjE2NDk5OTA3NzgzNDJ9.I3FmO0J-BIn6UvL-yXJ7HlEUJqj0XzvpItibokheNTM
21,"카카오뱅크 한도계좌해제, 이체한도변경 방법은?",https://blog.naver.com/kjeflorence/222697739259
22,퍼코인(PER) 카카오 Klip 리스팅 기념 이벤트와 슈퍼 커뮤니티 소개,https://blog.naver.com/happypcb/222694407014
23,카카오뱅크 네이버 주가 전망,https://cafe.naver.com/xxdkd/614142?art=ZXh0ZXJuYWwtc2VydmljZS1uYXZlci1zZWFyY2gtY2FmZS1wcg.eyJhbGciOiJIUzI1NiIsInR5cCI6IkpXVCJ9.eyJjYWZlVHlwZSI6IkNBRkVfVVJMIiwiY2FmZVVybCI6Inh4ZGtkIiwiYXJ0aWNsZUlkIjo2MTQxNDIsImlzc3VlZEF0IjoxNjQ5OTkwNzc4MzQzfQ.XQSrQKug2DrUKDdjbU2TzpT2DlNPcQpcx74t7srXEOU
24,카카오 뷰. 두마리 토끼 잡을수 있습니다!,https://blog.naver.com/hiphoparr/222685728577
25,파이프라인 만들기 : 카카오뷰 수익 창출 방법 및 주의점,https://blog.naver.com/alswl09100/222608504335
26,"앰플브라운 앰플폭탄세안밤 후기, 카카오톡선물하기 좋아",https://blog.naver.com/y1111jung/222701375616
27,카카오뱅크 주담대 요즘 인기 20대 30대 40대 50대 60대이상도 나옴 금리 3.69퍼센트 걸리는 시간 3분...,http://www.bluelog.kr/%EC%B9%B4%EC%B9%B4%EC%98%A4%EB%B1%85%ED%81%AC-%EC%A3%BC%EB%8B%B4%EB%8C%80-%EC%9A%94%EC%A6%98-%EC%9D%B8%EA%B8%B0-20%EB%8C%80-30%EB%8C%80-40%EB%8C%80-50%EB%8C%80-60%EB%8C%80%EC%9D%B4%EC%83%81%EB%8F%84/
28,"카카오, 손해보험에 엔터까지 영토확장 중",https://blog.naver.com/romanticoo/222700239677
29,마시는콜라겐 셀렉스 밀크세라마이드 콜라겐 10000 카카오메이커스에서 만나요!,https://blog.naver.com/joaeng/222670157162
30,카카오뱅크비상금대출 부족해서 도움 받았어요,https://cafe.naver.com/higher7/69500?art=ZXh0ZXJuYWwtc2VydmljZS1uYXZlci1zZWFyY2gtY2FmZS1wcg.eyJhbGciOiJIUzI1NiIsInR5cCI6IkpXVCJ9.eyJjYWZlVHlwZSI6IkNBRkVfVVJMIiwiY2FmZVVybCI6ImhpZ2hlcjciLCJhcnRpY2xlSWQiOjY5NTAwLCJpc3N1ZWRBdCI6MTY0OTk5MDc4MjY3M30.dfwQQJKFqLWA5Cf8xhU1ekhU5GATxYC4vYFhPM7s8ho
31,카카오뷰 창작센터 채널 만들고 친구추가 방법,https://blog.naver.com/loveyou9742/222652353745
32,⭐️ 카카오 이수만 SM 인수 발목 잡혀 계약 보류 ‘요구 조건 뭐길래?’ 경영참여와 연봉 등 추가 조건...,https://blog.naver.com/bhinvest/222684831273
33,[종목] 카카오게임즈,https://blog.naver.com/the-samwoo/222684191983
34,"카카오 손해보험, 보험업 영위 허가 받아 3분기 중 영업 예정",https://blog.naver.com/kys3623/222700703456
35,카카오뷰 수익 정산 등록하는 법 PC만 가능!,https://blog.naver.com/lizela87/222662341356
36,디올 뷰티 '미스 디올 & 소바쥬 기프팅 컬렉션' 카카오톡 무료 이모티콘 런칭!,https://blog.naver.com/lqud/222656996155
37,카카오페이 주가 더 내려갈듯...,https://blog.naver.com/poohhoo/222698130124
38,카카오뱅크 모바일대출 금리가 좋은 거 같아서..,https://cafe.naver.com/kpaddon/87945?art=ZXh0ZXJuYWwtc2VydmljZS1uYXZlci1zZWFyY2gtY2FmZS1wcg.eyJhbGciOiJIUzI1NiIsInR5cCI6IkpXVCJ9.eyJjYWZlVHlwZSI6IkNBRkVfVVJMIiwiY2FmZVVybCI6ImtwYWRkb24iLCJhcnRpY2xlSWQiOjg3OTQ1LCJpc3N1ZWRBdCI6MTY0OTk5MDc4MjY4MH0.o3Sxqh99vpsqYOFJtblbbkh-NdQzr36dkR69AJFhlZE
39,디카르고 코인 전망 로드맵 카카오페이 델레오(deleo) 이지고(easygo) 호재,https://blog.naver.com/cront4831/222691837291
40,카카오뱅크 26주적금 이자 및 가입방법,https://blog.naver.com/zigyt/222701151230
41,"카카오게임즈, 자회사 라이온하트스튜디오 상장 추진에 급락",https://cafe.naver.com/oncsecret/34016?art=ZXh0ZXJuYWwtc2VydmljZS1uYXZlci1zZWFyY2gtY2FmZS1wcg.eyJhbGciOiJIUzI1NiIsInR5cCI6IkpXVCJ9.eyJjYWZlVHlwZSI6IkNBRkVfVVJMIiwiY2FmZVVybCI6Im9uY3NlY3JldCIsImFydGljbGVJZCI6MzQwMTYsImlzc3VlZEF0IjoxNjQ5OTkwNzgyNjgzfQ.WAPKC7CzkmC81YUUbZpc3U_OfhUKU_fLTvzD35L9lq4
42,카카오뱅크 해외송금 (수수료 알아보기),https://blog.naver.com/annette_choi/222696494919
43,보라코인 전망 호재 카카오 BORA 폭등 분석,https://blog.naver.com/kikima117/222691425274
44,카카오뱅크 전월세대출은 어떨까요?,https://cafe.naver.com/ishift/853871?art=ZXh0ZXJuYWwtc2VydmljZS1uYXZlci1zZWFyY2gtY2FmZS1wcg.eyJhbGciOiJIUzI1NiIsInR5cCI6IkpXVCJ9.eyJjYWZlVHlwZSI6IkNBRkVfVVJMIiwiY2FmZVVybCI6ImlzaGlmdCIsImFydGljbGVJZCI6ODUzODcxLCJpc3N1ZWRBdCI6MTY0OTk5MDc4MjY4NX0.pMp5AyUizFVZGk42TrEbRq1Z2lACwfhUH3fcmDS9onY
45,카카오톡 선물하기 추천 향좋은 룸스프레이 르셀르,https://blog.naver.com/heevely0522/222687153561
46,카카오뱅크 무직자대출 거절당했는데요.,https://cafe.naver.com/kin35/94050?art=ZXh0ZXJuYWwtc2VydmljZS1uYXZlci1zZWFyY2gtY2FmZS1wcg.eyJhbGciOiJIUzI1NiIsInR5cCI6IkpXVCJ9.eyJjYWZlVHlwZSI6IkNBRkVfVVJMIiwiY2FmZVVybCI6ImtpbjM1IiwiYXJ0aWNsZUlkIjo5NDA1MCwiaXNzdWVkQXQiOjE2NDk5OTA3ODI2ODd9.CdmnijWijQHsMSK_nAWp8wsll63kOOwnVnNfMWYNsm4
47,향좋은 르셀르 바디밤 특별하게 카카오톡 선물하기,https://blog.naver.com/csm0227sm/222687678390
48,디올 뷰티 '미스 디올 & 소바쥬 기프팅 컬렉션' 카카오톡 이모티콘,https://blog.naver.com/pavanel/222657095112
49,카카오뷰 하루 노출 1만 돌파..,https://blog.naver.com/monnong/222642427828
50,디올 뷰티 향수 카카오톡 이모티콘 '미스 디올 오 드 퍼퓸& 소바쥬 오 드 뚜왈렛 기프팅 컬렉션' 다운받아요,https://blog.naver.com/sh_theme/222656669784
51,"랑콤 제니피끄 에센스 카카오톡 선물하기, 각인 서비스로 새해 선물 추천해!",https://blog.naver.com/ra1ning2/222640502120
52,카카오뱅크 통장사본 출력하는 방법 (ft. 발급부터 출력까지),https://blog.naver.com/winkyster/222691770606
53,혹시 카카오페이도 압류될까요ㅠㅠ,https://cafe.naver.com/ccrs5500/319030?art=ZXh0ZXJuYWwtc2VydmljZS1uYXZlci1zZWFyY2gtY2FmZS1wcg.eyJhbGciOiJIUzI1NiIsInR5cCI6IkpXVCJ9.eyJjYWZlVHlwZSI6IkNBRkVfVVJMIiwiY2FmZVVybCI6ImNjcnM1NTAwIiwiYXJ0aWNsZUlkIjozMTkwMzAsImlzc3VlZEF0IjoxNjQ5OTkwNzgyNjkzfQ.QfjQAjBWYdQ8hJEWp5aFKlPCPQ99eKId7XBDo0iOYqM
54,카카오뱅크 세이프박스 26주적금 모임통장 총정리,https://blog.naver.com/wmftkah/222698342758
55,무료에어드랍 카카오 묻은 상장코인 bora 의 신규코인tbora,https://blog.naver.com/skdmlwnajr/222697464968
56,여름잠옷 ♪ 이지야 카카오프렌즈 커플파자마,https://blog.naver.com/tearshn77/222693308297
57,"노타, 카카오인베스트먼트로부터 지분 투자 유치",https://blog.naver.com/vsquare1/222701152827
58,셀프 염색약 추천하고픈 제니하우스 글램카카오 !,https://blog.naver.com/ggggggenie/222631839501
59,보험산업의 경쟁과 혁신을 가속할 카카오손해보험 보험업 본허가,https://blog.naver.com/seyuloh/222701069340
60,네이버 카카오 둘중에 굳이 고르라면 네이버,https://blog.naver.com/nehehe/222623928091
61,카카오뱅크 체크카드 혜택_캐시백 프로모션 시즌 10,https://blog.naver.com/angelmia/222641181387
62,"휴먼스케이프 코인 시세 및 전망, 카카오 호재 완벽 정리",https://blog.naver.com/hush4926/222697716246
63,랑콤 제니피끄 에센스 각인 서비스가 더해진 새해 선물 에센스 추천 (카카오톡 선물하기),https://blog.naver.com/suyammy/222641490830
64,"◐중소기업,전세자금대출,카카오전세 OK◑ 대전 용전동 1.5룸(투룸식 원룸)전세 /침실,거실 독립형/주차",https://blog.naver.com/sev999/222700966003
65,카카오뱅크 이체한도 증액 변경 5분만에 끝,https://blog.naver.com/acewriter/222701411213
66,카카오톡 이모티콘 받으세요~ 디올 뷰티 미스 디올 & 소바쥬 기프팅 컬렉션,https://blog.naver.com/sm1004ys/222657414148
67,맥 글로우 플레이 립밤 X 카카오프렌즈! 각인서비스 받는법,https://blog.naver.com/dlcmalsis/222649337361
68,맥 글로우 플레이 립밤 카카오프렌즈 콜라보로 만나요!,https://blog.naver.com/hjch1229/222638936365
69,"카카오뱅크 주가, 넷마블 지분 전량 매도",https://blog.naver.com/kilsunboa/222590734742
70,카카오뷰 친구추가 100명 달성하기 및 수익창출,https://blog.naver.com/bj0203/222614487414
71,직장인 재테크 투잡 추천 카카오 이모티콘으로 돈벌기,https://blog.naver.com/hyemi2353/222699912364
72,채무이용경험은 카카오뱅크 생활비대출밖에 없거든요,https://cafe.naver.com/soulhack00/137148?art=ZXh0ZXJuYWwtc2VydmljZS1uYXZlci1zZWFyY2gtY2FmZS1wcg.eyJhbGciOiJIUzI1NiIsInR5cCI6IkpXVCJ9.eyJjYWZlVHlwZSI6IkNBRkVfVVJMIiwiY2FmZVVybCI6InNvdWxoYWNrMDAiLCJhcnRpY2xlSWQiOjEzNzE0OCwiaXNzdWVkQXQiOjE2NDk5OTA3ODU0NzJ9.1vJ77Fm_dnHQDSszBf_KByJ8uQGv5qMjovGy4IP2rqM
73,셀렉스 밀크세라마이드 마시는 비오틴 콜라겐 '카카오메이커스'에서,https://blog.naver.com/bambi_showpu/222668249221
74,랑콤 제니피끄 에센스: 각인 서비스로 완벽한 새해 선물 추천! feat.카카오톡 선물하기,https://blog.naver.com/pshh307109/222641177016
75,카카오뱅크 직장인신용대출 최대한도가 어떻게되죠,https://cafe.naver.com/akzmspqj/124692?art=ZXh0ZXJuYWwtc2VydmljZS1uYXZlci1zZWFyY2gtY2FmZS1wcg.eyJhbGciOiJIUzI1NiIsInR5cCI6IkpXVCJ9.eyJjYWZlVHlwZSI6IkNBRkVfVVJMIiwiY2FmZVVybCI6ImFrem1zcHFqIiwiYXJ0aWNsZUlkIjoxMjQ2OTIsImlzc3VlZEF0IjoxNjQ5OTkwNzg1NDc1fQ.ly5CWtaXlSXtcpXGM9WMsqsjtLRAdim0ISnXbN0-1wU
76,퍼코인(PER) 카카오 Klip리스팅 호재 정보,https://blog.naver.com/kwt82/222698866123
77,"거리두기, 6G포럼, 오세훈, 레미콘, 애플카, 네이버 게임, 기준금리, 가계대출, 카카오페이 보험, 안철수)",https://blog.naver.com/qvovq/222700407460
78,이지야 쇼핑몰 카카오프렌즈 티 라이언원피스롱티 너무편해!,https://blog.naver.com/arsoap/222700026805
79,"맥 글로우 플레이 립밤 X 카카오 프렌즈, 라이언 홀로그램이 귀여워 소장가치 뿜!",https://blog.naver.com/kh056/222655341130
80,카카오뱅크 신용대출 전 어렵더라고요,https://cafe.naver.com/higher7/68921?art=ZXh0ZXJuYWwtc2VydmljZS1uYXZlci1zZWFyY2gtY2FmZS1wcg.eyJhbGciOiJIUzI1NiIsInR5cCI6IkpXVCJ9.eyJjYWZlVHlwZSI6IkNBRkVfVVJMIiwiY2FmZVVybCI6ImhpZ2hlcjciLCJhcnRpY2xlSWQiOjY4OTIxLCJpc3N1ZWRBdCI6MTY0OTk5MDc4NTQ3OX0.KGXdeE6ng381CJwNeScVNidnC6xIGA7fI4OhWrz7zd0
81,카카오뱅크 신한카드 혜택확인,https://blog.naver.com/winwinrn/222698873350
82,카카오톡 쇼핑하기 4월 할인 뉴트리원 저분자 피쉬 콜라겐 이건 사야지!,https://blog.naver.com/hyoung7371/222699904790
83,[앱테크]카카오페이 이벤트 또 하네요_재료모아 커피부터 치킨까지 랜덤받기 참여하기,https://blog.naver.com/soslove4/222698403613
84,동탄역 여울시티1 카카오 스크린 5년 임대 완료 상가 분양,https://blog.naver.com/mania7642/222698404658
85,"코티야드님, 카카오 주식 상담 답변드립니다.",https://cafe.naver.com/ustock/4040967?art=ZXh0ZXJuYWwtc2VydmljZS1uYXZlci1zZWFyY2gtY2FmZS1wcg.eyJhbGciOiJIUzI1NiIsInR5cCI6IkpXVCJ9.eyJjYWZlVHlwZSI6IkNBRkVfVVJMIiwiY2FmZVVybCI6InVzdG9jayIsImFydGljbGVJZCI6NDA0MDk2NywiaXNzdWVkQXQiOjE2NDk5OTA3ODU0ODN9.-xe6QelzjTuLFbt21UpuvSSlc_JVzPcEvygxk8tEq1g
86,[긴급] 카카오페이 랜덤 간식 100% : 커피부터 치킨까지(4/12-재료 소진시),https://blog.naver.com/cksal0778/222699032814
87,퀵배송 카카오 T 퀵으로 쉽고 편하게!(카카오 T 퀵 할인쿠폰 포함),https://blog.naver.com/wltns8318/222672469011
88,네이버와 카카오 비교 - 쇼핑 후기와 포인트,https://blog.naver.com/huridam/222685723806
89,카카오뷰 채널 생성 완료! 친구추가 품앗이 해요,https://blog.naver.com/jihye7531/222649583533
90,랜선 술한잔 f. 카카오 라이브톡,https://blog.naver.com/red10kjs/222685473952
91,카카오웹툰 캐시받기 신한쏠 (sol),https://blog.naver.com/merci_pjh/222688105734
92,슬밋 인센스스틱 홀더 카카오톡 선물하기 추천 갬성 끝판왕,https://blog.naver.com/dnvkd/222692359977
93,RBC제도와 보험사 RBC비율 순위 (MG손해보험과 카카오손해보험 이슈),https://blog.naver.com/iperformance/222701052516
94,빅테크 '최초' 카카오 손해보험업 확정,https://cafe.naver.com/gustn34264/52260?art=ZXh0ZXJuYWwtc2VydmljZS1uYXZlci1zZWFyY2gtY2FmZS1wcg.eyJhbGciOiJIUzI1NiIsInR5cCI6IkpXVCJ9.eyJjYWZlVHlwZSI6IkNBRkVfVVJMIiwiY2FmZVVybCI6Imd1c3RuMzQyNjQiLCJhcnRpY2xlSWQiOjUyMjYwLCJpc3N1ZWRBdCI6MTY0OTk5MDc4ODEwOH0.rzpHbKQZMzYroKdl8gCvxeSpMqws9l7tmr21EN7aiaE
95,어제 토스뱅크.카카오뱅크 대출실행 해봤어요.(1금융권),https://cafe.naver.com/landshop/425373?art=ZXh0ZXJuYWwtc2VydmljZS1uYXZlci1zZWFyY2gtY2FmZS1wcg.eyJhbGciOiJIUzI1NiIsInR5cCI6IkpXVCJ9.eyJjYWZlVHlwZSI6IkNBRkVfVVJMIiwiY2FmZVVybCI6ImxhbmRzaG9wIiwiYXJ0aWNsZUlkIjo0MjUzNzMsImlzc3VlZEF0IjoxNjQ5OTkwNzg4MTA4fQ.J0K6M4yaIQue-UKcmozDgFBUrmFE7sIs72hY7jmTqFw
96,"금통위 과연 기준금리 인상할까?, 빅 테크의 첫 카카오 보험",https://blog.naver.com/tarry009/222700630350
97,"카카오뱅크 통장사본 출력, 이 순서대로 따라하면 누구나 가능해요",https://blog.naver.com/rlawnstn119/222697922737
98,카카오친구들~~^^,https://cafe.naver.com/oncsecret/33631?art=ZXh0ZXJuYWwtc2VydmljZS1uYXZlci1zZWFyY2gtY2FmZS1wcg.eyJhbGciOiJIUzI1NiIsInR5cCI6IkpXVCJ9.eyJjYWZlVHlwZSI6IkNBRkVfVVJMIiwiY2FmZVVybCI6Im9uY3NlY3JldCIsImFydGljbGVJZCI6MzM2MzEsImlzc3VlZEF0IjoxNjQ5OTkwNzg4MTExfQ.HxWcJnqtaWXRXMuiBBpDfRfOHszBYIK9ksiQWUa4n-0
99,티스토리 블로그 가입 및 카카오계정 만들기,https://blog.naver.com/lovedweb/222698059045
100,"카카오뱅크 직장인대출 받을 수 없었지만,,",https://cafe.naver.com/kpaddon/87483?art=ZXh0ZXJuYWwtc2VydmljZS1uYXZlci1zZWFyY2gtY2FmZS1wcg.eyJhbGciOiJIUzI1NiIsInR5cCI6IkpXVCJ9.eyJjYWZlVHlwZSI6IkNBRkVfVVJMIiwiY2FmZVVybCI6ImtwYWRkb24iLCJhcnRpY2xlSWQiOjg3NDgzLCJpc3N1ZWRBdCI6MTY0OTk5MDc4ODExM30.3Ujg4a1o7j6sCP0PChn0RuvgfnBrVmEfE_klXY3L7fM
101,카카오대출로 주택담보 알아보고 있거든요.,https://cafe.naver.com/ddole/282044?art=ZXh0ZXJuYWwtc2VydmljZS1uYXZlci1zZWFyY2gtY2FmZS1wcg.eyJhbGciOiJIUzI1NiIsInR5cCI6IkpXVCJ9.eyJjYWZlVHlwZSI6IkNBRkVfVVJMIiwiY2FmZVVybCI6ImRkb2xlIiwiYXJ0aWNsZUlkIjoyODIwNDQsImlzc3VlZEF0IjoxNjQ5OTkwNzg4MTE0fQ.XVbSOfUAJFBpkMe4qt6097Y90TtI2BrDo3xeCtPyBXw
102,면책후 카카오뱅크 전월세보증금대출 승인받았습니다!!,https://cafe.naver.com/lawume/509670?art=ZXh0ZXJuYWwtc2VydmljZS1uYXZlci1zZWFyY2gtY2FmZS1wcg.eyJhbGciOiJIUzI1NiIsInR5cCI6IkpXVCJ9.eyJjYWZlVHlwZSI6IkNBRkVfVVJMIiwiY2FmZVVybCI6Imxhd3VtZSIsImFydGljbGVJZCI6NTA5NjcwLCJpc3N1ZWRBdCI6MTY0OTk5MDc4ODExNX0.1ERTWfq_K7h3gT2vWMQmAWkjuVWAR8n2Hg3YN1_a_0c
103,카카오 비상금 -대출 어느새 갚죠?,https://cafe.naver.com/cafe1535/830817?art=ZXh0ZXJuYWwtc2VydmljZS1uYXZlci1zZWFyY2gtY2FmZS1wcg.eyJhbGciOiJIUzI1NiIsInR5cCI6IkpXVCJ9.eyJjYWZlVHlwZSI6IkNBRkVfVVJMIiwiY2FmZVVybCI6ImNhZmUxNTM1IiwiYXJ0aWNsZUlkIjo4MzA4MTcsImlzc3VlZEF0IjoxNjQ5OTkwNzg4MTE2fQ.IUi4qVWYd1p5MMyS0munWDLe-pMOaBcc7StsdRZQsLg
104,<< 우량주 추세 분석4 >> 카카오,https://cafe.naver.com/geobuk2/1492414?art=ZXh0ZXJuYWwtc2VydmljZS1uYXZlci1zZWFyY2gtY2FmZS1wcg.eyJhbGciOiJIUzI1NiIsInR5cCI6IkpXVCJ9.eyJjYWZlVHlwZSI6IkNBRkVfVVJMIiwiY2FmZVVybCI6Imdlb2J1azIiLCJhcnRpY2xlSWQiOjE0OTI0MTQsImlzc3VlZEF0IjoxNjQ5OTkwNzg4MTE2fQ.E-CldeX1sLk8zKFrAWEebcFS26Ua5sJGKotftl095Lg
105,"흑자인생 통합 주식 포트폴리오 22.04.08(카카오 매도, 아프리카TV, 한국전력 매수)",https://blog.naver.com/whrudgus1009/222695545366
106,천만원이상 필요한데 카카오뱅크비상금대출이 300밖에안돼서...,https://cafe.naver.com/soulhack00/137218?art=ZXh0ZXJuYWwtc2VydmljZS1uYXZlci1zZWFyY2gtY2FmZS1wcg.eyJhbGciOiJIUzI1NiIsInR5cCI6IkpXVCJ9.eyJjYWZlVHlwZSI6IkNBRkVfVVJMIiwiY2FmZVVybCI6InNvdWxoYWNrMDAiLCJhcnRpY2xlSWQiOjEzNzIxOCwiaXNzdWVkQXQiOjE2NDk5OTA3ODgxMTh9.MSmJ6YKC2v-lZfo_I4QF9TMG1m0jEsym1pLLs0bmBao
107,카카오뱅크대출한도는 너무 안나오더라고요,https://cafe.naver.com/2realdotcom/76141?art=ZXh0ZXJuYWwtc2VydmljZS1uYXZlci1zZWFyY2gtY2FmZS1wcg.eyJhbGciOiJIUzI1NiIsInR5cCI6IkpXVCJ9.eyJjYWZlVHlwZSI6IkNBRkVfVVJMIiwiY2FmZVVybCI6IjJyZWFsZG90Y29tIiwiYXJ0aWNsZUlkIjo3NjE0MSwiaXNzdWVkQXQiOjE2NDk5OTA3ODgxMTl9.9-P44WfXSepOjUKDDGosrwlcaz-lBHgZEcDj70Na9ow
108,카카오뱅크간편대출 받을 수 없었지만!!,https://cafe.naver.com/kpaddon/87179?art=ZXh0ZXJuYWwtc2VydmljZS1uYXZlci1zZWFyY2gtY2FmZS1wcg.eyJhbGciOiJIUzI1NiIsInR5cCI6IkpXVCJ9.eyJjYWZlVHlwZSI6IkNBRkVfVVJMIiwiY2FmZVVybCI6ImtwYWRkb24iLCJhcnRpY2xlSWQiOjg3MTc5LCJpc3N1ZWRBdCI6MTY0OTk5MDc4ODEyMH0.EjtWmWyCAY-xKJrvaiWmXR5bnuU3OhJG3KcSYnwaAkc
109,티몬 하기스 카카오페이 적용시 짱저렴+적립금1천원!,https://cafe.naver.com/imsanbu/60084585?art=ZXh0ZXJuYWwtc2VydmljZS1uYXZlci1zZWFyY2gtY2FmZS1wcg.eyJhbGciOiJIUzI1NiIsInR5cCI6IkpXVCJ9.eyJjYWZlVHlwZSI6IkNBRkVfVVJMIiwiY2FmZVVybCI6Imltc2FuYnUiLCJhcnRpY2xlSWQiOjYwMDg0NTg1LCJpc3N1ZWRBdCI6MTY0OTk5MDc4ODEyMH0._Ypd14p56pr_hcmjvKbzvDiSdSrZZQM8DyQRlfvKfR0
110,카카오비상금대출 괜찮나요?,https://cafe.naver.com/tevez0/68058?art=ZXh0ZXJuYWwtc2VydmljZS1uYXZlci1zZWFyY2gtY2FmZS1wcg.eyJhbGciOiJIUzI1NiIsInR5cCI6IkpXVCJ9.eyJjYWZlVHlwZSI6IkNBRkVfVVJMIiwiY2FmZVVybCI6InRldmV6MCIsImFydGljbGVJZCI6NjgwNTgsImlzc3VlZEF0IjoxNjQ5OTkwNzg4MTIxfQ.sVyHCMvvyre-FNo3HPoyhKrnVnPW-sQSpXbTyLCLoOI
111,카카오헤어 사용하시는,https://cafe.naver.com/hk9344/231911?art=ZXh0ZXJuYWwtc2VydmljZS1uYXZlci1zZWFyY2gtY2FmZS1wcg.eyJhbGciOiJIUzI1NiIsInR5cCI6IkpXVCJ9.eyJjYWZlVHlwZSI6IkNBRkVfVVJMIiwiY2FmZVVybCI6ImhrOTM0NCIsImFydGljbGVJZCI6MjMxOTExLCJpc3N1ZWRBdCI6MTY0OTk5MDc4ODEyMn0.ra5iaiAkAoybqgJrb9InYhJcoqz2sQ9QQ16ZUrShfoc
112,나도 카카오뷰 시작해볼까?,https://blog.naver.com/balahk/222698922167
113,"가치 투자 대가 강방천이 LG 전장을 높게 평가하고, 카카오 플랫폼 확장성을 주목했다.(매일신문 04-14)",https://blog.naver.com/corea2u3/222700286480
114,카카오뱅크·우리은행 통장사본 저장·발급·출력방법,https://blog.naver.com/hyo1806/222695885658
115,카카오뱅크 주가 진짜 아무래도,https://cafe.naver.com/ustock/4045707?art=ZXh0ZXJuYWwtc2VydmljZS1uYXZlci1zZWFyY2gtY2FmZS1wcg.eyJhbGciOiJIUzI1NiIsInR5cCI6IkpXVCJ9.eyJjYWZlVHlwZSI6IkNBRkVfVVJMIiwiY2FmZVVybCI6InVzdG9jayIsImFydGljbGVJZCI6NDA0NTcwNywiaXNzdWVkQXQiOjE2NDk5OTA3ODgxMjV9.2CW8--kHBqQRezQppPn7aKFvjlWEvCpbvGRpp-8gUzo
116,"타도TSMC님, NAVER와 카카오 주식 상담 답변드립니다.",https://cafe.naver.com/ustock/4038546?art=ZXh0ZXJuYWwtc2VydmljZS1uYXZlci1zZWFyY2gtY2FmZS1wcg.eyJhbGciOiJIUzI1NiIsInR5cCI6IkpXVCJ9.eyJjYWZlVHlwZSI6IkNBRkVfVVJMIiwiY2FmZVVybCI6InVzdG9jayIsImFydGljbGVJZCI6NDAzODU0NiwiaXNzdWVkQXQiOjE2NDk5OTA3ODgxMjV9.pSfWbSFQuPvT5PlY06TUtxjwVYNJIcjpotXHAdxPo54
117,"카카오뱅크 채용, 복지부터 연봉 정보에 대한 모든 것!",https://cafe.naver.com/dokkm/2522557?art=ZXh0ZXJuYWwtc2VydmljZS1uYXZlci1zZWFyY2gtY2FmZS1wcg.eyJhbGciOiJIUzI1NiIsInR5cCI6IkpXVCJ9.eyJjYWZlVHlwZSI6IkNBRkVfVVJMIiwiY2FmZVVybCI6ImRva2ttIiwiYXJ0aWNsZUlkIjoyNTIyNTU3LCJpc3N1ZWRBdCI6MTY0OTk5MDc4ODEyNn0.DMGJzWC9VfxuS4IdsMzIn5taZWRWPGLdMFxN7AtP34Y
118,"하이리쿠님, 카카오뱅크 주식 상담 답변드립니다.",https://cafe.naver.com/ustock/4041041?art=ZXh0ZXJuYWwtc2VydmljZS1uYXZlci1zZWFyY2gtY2FmZS1wcg.eyJhbGciOiJIUzI1NiIsInR5cCI6IkpXVCJ9.eyJjYWZlVHlwZSI6IkNBRkVfVVJMIiwiY2FmZVVybCI6InVzdG9jayIsImFydGljbGVJZCI6NDA0MTA0MSwiaXNzdWVkQXQiOjE2NDk5OTA3ODgxMjZ9.COdZCS4-88s6vK25l27YQXAfLdnszmfRB_a46aw6YzE
119,카카오 대웅 주가 전망,https://cafe.naver.com/psjpt/579248?art=ZXh0ZXJuYWwtc2VydmljZS1uYXZlci1zZWFyY2gtY2FmZS1wcg.eyJhbGciOiJIUzI1NiIsInR5cCI6IkpXVCJ9.eyJjYWZlVHlwZSI6IkNBRkVfVVJMIiwiY2FmZVVybCI6InBzanB0IiwiYXJ0aWNsZUlkIjo1NzkyNDgsImlzc3VlZEF0IjoxNjQ5OTkwNzg4MTI3fQ.dJdC2C2-RBEWY47_ZqZCFcjR8EqcmqwG_NHG3__XS0c
120,카카오페이손보 이런 상품들까지 준비 되네요,https://cafe.naver.com/ustock/4044105?art=ZXh0ZXJuYWwtc2VydmljZS1uYXZlci1zZWFyY2gtY2FmZS1wcg.eyJhbGciOiJIUzI1NiIsInR5cCI6IkpXVCJ9.eyJjYWZlVHlwZSI6IkNBRkVfVVJMIiwiY2FmZVVybCI6InVzdG9jayIsImFydGljbGVJZCI6NDA0NDEwNSwiaXNzdWVkQXQiOjE2NDk5OTA3OTA2NjN9.Mv1C1fTW3yBua3g8-xlmusvUt__Eh1d00w8RZEd9lFU
121,프리랜서는 카카오대출조건에 맞지 않더라구요,https://cafe.naver.com/soulhack00/137220?art=ZXh0ZXJuYWwtc2VydmljZS1uYXZlci1zZWFyY2gtY2FmZS1wcg.eyJhbGciOiJIUzI1NiIsInR5cCI6IkpXVCJ9.eyJjYWZlVHlwZSI6IkNBRkVfVVJMIiwiY2FmZVVybCI6InNvdWxoYWNrMDAiLCJhcnRpY2xlSWQiOjEzNzIyMCwiaXNzdWVkQXQiOjE2NDk5OTA3OTA2NjN9.E9HiAd0fSFBEeHDvt3NJ9RerfKPQHK0hrBBzIfJDoEs
122,"카카오뱅크 직장인신용대출로 1,000만원을 빌릴 생각이였거든요?",https://cafe.naver.com/getampedsolo/105246?art=ZXh0ZXJuYWwtc2VydmljZS1uYXZlci1zZWFyY2gtY2FmZS1wcg.eyJhbGciOiJIUzI1NiIsInR5cCI6IkpXVCJ9.eyJjYWZlVHlwZSI6IkNBRkVfVVJMIiwiY2FmZVVybCI6ImdldGFtcGVkc29sbyIsImFydGljbGVJZCI6MTA1MjQ2LCJpc3N1ZWRBdCI6MTY0OTk5MDc5MDY2NH0.-Uajk7Jv_S6FV6idvStzmA1Um_i2SzaPX8NyMrs6xYI
123,카카오톡 신용점수 많이 올라 기분 좋아요.,https://cafe.naver.com/ka0kgame/115245?art=ZXh0ZXJuYWwtc2VydmljZS1uYXZlci1zZWFyY2gtY2FmZS1wcg.eyJhbGciOiJIUzI1NiIsInR5cCI6IkpXVCJ9.eyJjYWZlVHlwZSI6IkNBRkVfVVJMIiwiY2FmZVVybCI6ImthMGtnYW1lIiwiYXJ0aWNsZUlkIjoxMTUyNDUsImlzc3VlZEF0IjoxNjQ5OTkwNzkwNjY1fQ.T0hIQhOC5pnDKPX6K_I-R5wz6DHkruch_BYTe8I1Fhg
124,어제 토스뱅크.카카오뱅크 대출실행 해봤어요.(1금융권),https://cafe.naver.com/jihosoccer123/1371607?art=ZXh0ZXJuYWwtc2VydmljZS1uYXZlci1zZWFyY2gtY2FmZS1wcg.eyJhbGciOiJIUzI1NiIsInR5cCI6IkpXVCJ9.eyJjYWZlVHlwZSI6IkNBRkVfVVJMIiwiY2FmZVVybCI6ImppaG9zb2NjZXIxMjMiLCJhcnRpY2xlSWQiOjEzNzE2MDcsImlzc3VlZEF0IjoxNjQ5OTkwNzkwNjY2fQ.fKESp2B2kZFub0ddtWm-YqDTEzPkNGFdn9IJ6tS1ws8
125,카카오뱅크중도수수료 확인해보니 비싸지 않네요,https://cafe.naver.com/getampedsolo/105045?art=ZXh0ZXJuYWwtc2VydmljZS1uYXZlci1zZWFyY2gtY2FmZS1wcg.eyJhbGciOiJIUzI1NiIsInR5cCI6IkpXVCJ9.eyJjYWZlVHlwZSI6IkNBRkVfVVJMIiwiY2FmZVVybCI6ImdldGFtcGVkc29sbyIsImFydGljbGVJZCI6MTA1MDQ1LCJpc3N1ZWRBdCI6MTY0OTk5MDc5MDY2Nn0.Cpoe78d4XoRDbQSPycdLxDRqrvMclWAFDya5cbkxBes
