,제목,날짜
250,"""디지털 기술로 기업간 합종연횡 가속화"" [제23회 서울국제금융포럼]",2022.04.14.
251,오늘의 증시 일정 (4월 19일),2022.04.14.
252,"5부능선 앞둔 망 이용대가법, 논의 향방은",2022.04.14.
253,"타다, 대형택시 호출 서비스 ‘타다 넥스트’로 재시동",2022.04.14.
254,삼성·LG·네이버 이어 카카오도…AI 스타트업 '노타'에 꽂혔다,2022.04.14.
255,남들 다 하는 ‘사잇돌 대출’ 카뱅은 왜 중단했을까,2022.04.14.
256,연봉인상 경쟁 부메랑… 네이버·카카오 1분기 실적 주춤할듯,2022.04.14.
257,"꾸그 운영사 글로랑, 카카오 출신 오승하 최고사업책임자 영입",2022.04.14.
258,출첵·걷기 등 미션 성공하면 15분만에 5700원어치 포인트,2022.04.14.
259,‘유부녀 킬러’… “설거지하다 아이디어 떠올랐죠”,2022.04.14.
260,"SPC그룹 섹타나인, 온라인쇼핑몰 플랫폼 ‘조이온샵’ 오픈",2022.04.14.
261,'금융 콘텐츠' 꽂힌 빅테크들…인재 확보 경쟁 본격화,2022.04.14.
262,"[뉴스줌인]엔데믹 전환, 기업 일상 회복도 속도",2022.04.14.
263,[朝鮮칼럼 The Column] 새 정부 최대의 敵은 인플레이션,2022.04.14.
264,2021년 메신저 이용 피싱 '급증' 피해액 991억… 1년새 166%↑,2022.04.14.
265,카카오·네이버 두 자릿수 임금 인상에…속 앓는 삼성전자,2022.04.14.
266,"신길우성1차·건영, 안전진단 통과..신길뉴타운 재건축 속도",2022.04.14.
267,"직장인 1000만명, 이번달 건보료 20만원 더 뗀다",2022.04.14.
268,[시론] 한국의 GAFA는 언제 나오나?,2022.04.14.
269,"화재 감지기만 3만개… “롯데월드타워 안전기술, 세계 초고층 빌딩의 모범”",2022.04.14.
270,잇단 악재에… 상장사 목표주가 하향조정 속출,2022.04.14.
271,"티맥스티베로, 'HyperSQL'로 오픈소스 DBMS 공략",2022.04.14.
272,"""무야호~""이은 '무도 레전드'도 NFT로…팬심 충전하는 'N터사업'",2022.04.14.
273,[씨줄날줄] 6070의 인터넷/박현갑 논설위원,2022.04.14.
274,"빅테크가 훼손한 인간적 가치, 회복할 길은 기술을 통제하는 민주주의···‘시스템 에러’[책과 삶]",2022.04.14.
275,"[안경애의 온테크] 로코드·노코드, `개발자 품귀` 해법 될까",2022.04.14.
276,"경희대 MBA, 메타버스·디자인싱킹·AI…4차 산업혁명시대 맞춤형 교육",2022.04.14.
277,[포토] 매경·환경재단 ESG포럼,2022.04.14.
278,"[人사이트]박주용 기업은행 디지털그룹장, “쉽고 빠르고 편리한 디지털 IBK로 혁신”",2022.04.14.
279,[DT현장] 신한지주 회장의 `제로 성과급`,2022.04.14.
280,이제까지 이런 크롤링 소송 없었다…네이버 열받게한 스타트업 [팩플],2022.04.15.
281,"[데스크가 만났습니다] 박성호 인터넷기업협회 회장 ""규제 홍수 막겠다""",2022.04.15.
282,"소득·일자리 양극화에 계층·성별 갈등 격화…""공동체성 회복 나서야""",2022.04.15.
283,<뉴스와 시각>TBS에 세금 퍼부을 이유 없다,2022.04.15.
284,AI로 ‘지능형 공정·입체물류’시스템 강화…생산성·안전 ‘두토끼’,2022.04.15.
285,"“사생활 침해 우려” 페북 끊고, 익명성 보장 ‘메타버스’로",2022.04.15.
286,[IITP 리뷰 1]기업들 NFT로 헤쳐모여…관심만큼 우려도 높아,2022.04.15.
287,"게임업계 첫 웹젠 파업 선언, 카카오·넥슨 노조도 연대 나서",2022.04.15.
288,"“엄마, 내 휴대전화가 고장났어…” ‘메신저피싱’에 작년 990억 털렸다",2022.04.15.
289,"취준생 ""인지도보단 높은 연봉 원해""…카카오게임즈, 입사선호 3N 앞질러",2022.04.15.
290,"‘사내맞선’ 김세정, 배우로서의 역량 다져나가다",2022.04.15.
291,[단독]방화범 구치소서 PCR 검사 대기중 극단선택…부실관리 도마위,2022.04.15.
292,출범 1년 만에 사실상 활동 중단한 ‘道감염병관리위',2022.04.15.
293,"“돌아와요, 사무실로…” 엔데믹에 막 내리는 재택근무, ‘출근 묘안’ 찾는 테크기업들",2022.04.16.
294,"발란, 반년새 몸값 4배 뛰었다…명품 e커머스 첫 '유니콘' 눈앞",2022.04.17.
295,"삼성 'SSAFFY' 수료생 10명 중 8명, 취업 성공했다",2022.04.17.
296,"오리온, 카카오엔터와 물류업무 협약",2022.04.17.
297,"구글 ‘인앱결제 꼼수’에 맞불… 게임업계, 자체결제 속속 도입",2022.04.17.
298,"엔씨·카겜 실적 고공행진… ""해외서도 흥행질주""",2022.04.17.
299,[만파식적] 마야부인,2022.04.17.
300,"강남 사모님, 기관투자자 변신... 공모주 더 받으려 운용사 샀다",2022.04.17.
301,"‘비대면 특수’ 끝났나…네이버 실적, 시장 기대치 밑돌아",2022.04.17.
302,'취업률 84%' 삼성이 키운 청년 개발자…교육생 1150명 또 뽑는다,2022.04.17.
303,IT업계 연봉 인상 경쟁의 부메랑,2022.04.17.
304,이러니 인재들 몰리지…토스 능력주의에 30대 '별' 속출,2022.04.17.
305,"카카오, 자체 구독 결제플랫폼 구축 나섰다",2022.04.17.
306,내 곁에 있다면… 그렇게 하고 싶어 했던 모녀 여행 가고 싶어요,2022.04.17.
307,비운의 '타다'…이번엔 대형택시로 승부,2022.04.17.
308,"자금력 따라 공모주 청약 차등…1억 운용사, 9조 '허수청약' 못한다",2022.04.17.
309,[중앙로365] 참여 정치로 ‘고립 시대’ 벗어나야,2022.04.18.
310,[단독] 디지털TF→민관합동위 격상... '윤석열표 디지털 정부' 이끈다,2022.04.18.
311,"""12년된 우회상장 규제, 이제는 풀자""",2022.04.18.
312,"카카오, 통합인증기관 시장 진출",2022.04.18.
313,[모닝] 멜론 인기곡 1~3위 트로트가 휩쓸어,2022.04.18.
314,"다시 돌아온 일상… IT업계, 콘텐츠·메타버스로 승부수",2022.04.18.
315,"멜론-지니뮤직, 현대차그룹 32개 차종에 탑재",2022.04.18.
316,청년 취업률 84% ‘삼성 SW아카데미’ 새달 교육생 모집,2022.04.18.
317,환율 치솟는데 해외송금수수료 제일 싼 곳은,2022.04.18.
318,[스페셜리포트]넥슨 향후 지배구조 개편 가능성...시나리오는,2022.04.18.
319,"""택시기사 근로여건 개선해야""...고개드는 탄력요금제 확대 목소리",2022.04.18.
320,"우울한 IPO기업 성적표…""기업 펀더멘털 주목해야""",2022.04.18.
321,"보험사, 모바일 앱 개선 '봇물'",2022.04.18.
322,"""중국서 못 살겠어"" 상하이 봉쇄에 이민 문의↑, 선호국은 어디?",2022.04.18.
323,잇단 악재에… 상장사 176곳 목표주가 낮춰,2022.04.18.
324,"K-OTT, 콘텐츠 투자에 적자…""법적지위 부여해 세제지원""",2022.04.18.
325,[정덕현의 엔터인사이드] 유재석이어서 가능한 '게임예능',2022.04.18.
326,924만원 vs 382만원…2배 넘는 임금差에 허탈한 中企직원,2022.04.18.
327,[1㎜금융톡]삼성 통합 앱 ‘모니모’ 출시…2500만 고객 VS 차별화 없어,2022.04.18.
328,"SR, 비회원도 승차권 선물받고 다자녀엔 할인…공공서비스 '활짝'",2022.04.18.
329,회의·출장·회식 기지개켜는 기업들…최적의 근무체제 놓고 '고심',2022.04.18.
330,“프롭테크 파도 맞설 시스템 구축…잃어버린 신뢰 찾을 것”,2022.04.18.
331,사회 현안에 대한 설교 도움받고 싶다면…,2022.04.18.
332,"보험금 청구, 펀드 투자 한번에…삼성 금융통합앱 ‘모니모’ 나왔다",2022.04.18.
333,"입김 세진 GA 설계사, 생명보험 계약 제일 많이 따냈다",2022.04.18.
334,"""내 사전에 4대 보험은 없다""고 큰소리치는 우리 사장님 [그래도 출근]",2022.04.18.
335,"네이버 “5년내 사용자 10억명, 매출 15조”",2022.04.18.
336,"강원, 온라인 플랫폼으로 봄나물 판매",2022.04.18.
337,‘노원 세 모녀 살해’ 김태현 무기징역 확정,2022.04.18.
338,"카카오T·타다, 수요공급 최적화 노력에도 '택시 대란' 속수무책",2022.04.19.
339,"모임인원·영업시간 제한, 18일부터 완전 해제 검토",2022.04.19.
340,"금융당국, 공모주 수요예측제도 손 본다",2022.04.19.
341,"코로나에 비대면 진료 기술 급성장…""제도화로 의료사각 해소""",2022.04.19.
342,카카오 액면분할 1년…분할 전 주가회복 못하는 '국민주',2022.04.19.
343,[낱말 맞히기 ]<165회>,2022.04.19.
344,지구촌 일상회복에… ‘비대면 특수’ 누렸던 배달업·OTT 울상,2022.04.19.
345,카톡으로 가족 사칭… 메신저피싱에 한 해 991억 털려,2022.04.19.
346,“돈 많이 받아낸 다음 살해해야”… 부부 피살사건 ‘계획 범행’ 정황,2022.04.19.
347,오늘의 증시 메모[4월 15일],2022.04.19.
348,"웹젠 노조 ""5월 2일부터 파업… 김태영 대표 대화 촉구""",2022.04.20.
349,"[서경스타즈IR] 한투증권, 순익 1.5조 업계 1위…디지털 혁신서도 두각",2022.04.20.
350,"JH, 토니, 공산주의…CEO+MZ 타운홀미팅, 독일까 약일까",2022.04.20.
351,"LG CNS, ‘연봉 10%’ 파격 인상",2022.04.20.
352,IT·중공업·유통… 업종 불문 ‘미래 먹거리’ 헬스케어 참전,2022.04.20.
353,‘빚투 개미’의 눈물… 강제 처분당한 주식 5조 넘어,2022.04.20.
354,[길섶에서] 또 한번의 생일/박홍환 평화연구소장,2022.04.20.
355,[단독]코로나發 임금 양극화… 대기업 연봉도 최대 1억 이상 차이,2022.04.20.
356,온라인 키우는 제이에스티나…매출 3년 연속 성장,2022.04.20.
357,네이버·카카오·토스 간편결제만 64조,2022.04.20.
358,[THE GAME] 넷마블 `디지털 휴먼` 광폭 행보… 웹툰·웹소설도 접수,2022.04.20.
359,삼성금융 한앱에 모아놨는데…네카오처럼 ‘플랫폼’ 될 수 있을까,2022.04.20.
360,카뱅 `전월세보증금 대출` 13조 돌파,2022.04.20.
361,"K팝 ETF, 뉴욕증시 상장벨 울린다…작년 한국 수익 성적표는",2022.04.20.
362,[차현진의 돈과 세상] [67] 마음 부자가 진짜 부자,2022.04.20.
363,"위니아에이드 ""물류 투자 확대, 딤채 등 렌털사업도 강화""",2022.04.20.
364,학점·독서량·통신비도 ‘신용평가’ 기준…20대 대출 문턱 낮아진다,2022.04.20.
365,입김 세진 글로벌 연기금…주총 안건 2개 중 1개는 반대했다,2022.04.20.
366,"삼성증권, 디지털 자산관리 ‘굴링’ 서비스 개시",2022.04.20.
367,[구글·티맵으로 본 거리두기 해제] 강남 방문 33% 급증…'재택' 판교는 ‘잠잠’,2022.04.21.
368,모이면 커지는 혜택… 삼성금융 앱 `모니모` 출격,2022.04.21.
369,[김지현의 IT세상]산업생태계 거인 된 스타트업,2022.04.21.
370,인재유출 싫지만 큰 폭 인상은 부담… 기업들 연봉인상 갈등에 고심 거듭,2022.04.21.
371,"""은행 가기 무섭다""…신용대출 평균금리 4% 훌쩍 넘어",2022.04.21.
372,[단독] 카카오모빌리티 '스플리트' 전략투자 나선다,2022.04.21.
373,"전·월세대출 받은 청년, 64%가 카카오뱅크 찾았다",2022.04.21.
374,"""돈 굴리는 맞춤투자 제공""…삼성증권, 초개인화 서비스 '굴링' 출시",2022.04.21.
375,재능·잠재력 파악해 직무 연결...유니콘 넘어 '사람' 키우는 투자사,2022.04.21.
376,"현장+온라인 사역, 은혜의 사각지대 메운다",2022.04.21.
377,"中, 오미크론에 극단적 도시 봉쇄… 시진핑 발목 잡을까 [세계는 지금]",2022.04.21.
378,"카카오가 만드는 보험사, 메기일까 찻잔속 태풍 될까?",2022.04.21.
379,"윤 당선인, 다음달 10일 용산청사 5층에서 업무 시작",2022.04.21.
380,인뱅 “예대금리차 커도 수익 쥐꼬린데”… 정부 공시에 한숨,2022.04.21.
381,靑 관람 당분간 하루 3만 9000명 입장… 북악산 등산로는 무제한,2022.04.21.
382,"카카오, 서울대 시흥 캠퍼스에 데이터센터 구축 MOU",2022.04.21.
383,NFT 시장 커지는데…관할 부처도 못 정한 정부,2022.04.21.
384,"카카오웹툰, 독일 `IF 디자인 어워드` 본상 수상",2022.04.21.
385,[단독] 靑 내달 10일 전면 개방... 카톡·네이버로 방문 예약하세요,2022.04.21.
386,美 1.5% 불과한 우주예산 확 늘리고…핵심기술 민간에 이전해야,2022.04.21.
387,"메타보라, 카카오프렌즈 IP 첫 `버디샷` NFT 발행",2022.04.21.
388,"“2006년에 멈춘 전자금융거래법, 핀테크 시대에 맞는 규제 내놔야” [경제人 라운지]",2022.04.21.
389,"카뱅, 상장효과·실적증가 ‘신바람’ 임원 성과보수 작년보다 2.7배 ↑",2022.04.22.
390,[인제]37개 업체 참여 인제에누리장터 23·24일 개장,2022.04.22.
391,발달장애 딸 살해 후 “죄 받겠다”… 고개 떨구며 눈물 흘린 母,2022.04.22.
392,업비트덕에 첫 흑자난 케이뱅크… 예수부채 변동 주의해야,2022.04.22.
393,"롯데제과, 비스킷 플라스틱 용기 없애",2022.04.22.
394,[기획] `연봉 2억`…카카오발 쩐의 전쟁,2022.04.22.
395,"원스토어, 내달 IPO 출격…몸값 1조 넘을까",2022.04.22.
396,"""16부작 이젠 지루해 안봐""…넷플릭스가 바꾼 '흥행법칙'",2022.04.22.
397,BTS 댄스로 강연 앞서 분위기 띄워… ‘인터넷은행 약진’이 최대 화두 [제23회 서울국제금융포럼],2022.04.22.
398,인재 쟁탈전…연봉 인상 '도미노',2022.04.22.
399,“덩치 작아도 돈은 제일 잘 벌죠” 연금저축신탁 수익 1위 은행은,2022.04.22.
400,게임업계 블록체인 능력자 쟁탈전,2022.04.22.
401,"“기업들 디지털 전환, 생존의 필수 조건”",2022.04.22.
402,"“중국 세번째 항공모함, 코로나19로 이번 달 물에 못 띄운다”",2022.04.22.
403,"""개미 살려라""…미국 긴축 공포에 네이버·카카오 주가 '출렁'",2022.04.22.
404,"'청와대, 국민 품으로'…인수위가 만든 靑 개방 홈페이지, 어떤 식으로 운영되나",2022.04.22.
405,[기고] 디지털 플랫폼 교육을 제안한다,2022.04.22.
406,"주주환원의 꽃 '자사주 소각'…9000원→4.5만원, 주가 불 붙었다",2022.04.22.
407,토스·카뱅보다 고객 많다… 삼성 금융 통합앱 ‘모니모’ 출시,2022.04.23.
408,"""삼전 대신 이 주식 살걸""…저가매수로 웃은 개미들, 뭘 담았길래",2022.04.23.
409,“교육생 취업률 84%”… SSAFY 8기생 모집,2022.04.23.
410,"가상자산 거래소, 고객예치금 이자 보관료인가 ‘가로채기’인가",2022.04.24.
411,"심야 시간 택시 대란 잡아라… 서울시, 개인택시 부제 한시적 해제",2022.04.24.
412,“국민 건강수명 연장은 건협의 소명…질병 조기발견·예방에 최선”,2022.04.24.
413,“급여·배당금 위믹스에 ‘올인’”…장현국의 승부수(종합),2022.04.24.
414,"서울, 스타트업·대기업 매칭… 창업생태계 키운다",2022.04.24.
415,국내 최초로 아시아 경영 전문가 양성,2022.04.24.
416,돈되는 NFT 감별 어떻게…답이 보이는 '디지털 머니쇼' [WEALTH],2022.04.25.
417,"카카오톡, 어버이날·어린이날 '받고 싶은 이색 선물' 공개",2022.04.25.
418,[임정욱의 혁신경제] 골목상권 디지털전환 물결 반갑다/TBT 공동대표,2022.04.25.
419,"[THE FINANCE] IT 판 외국인들, 한국 `은행` 쓸어담았다",2022.04.25.
420,제주에 ‘프레디 머큐리’ 공인 동상 건립,2022.04.25.
421,"""A급 개발자 근무 북방한계선 사수하라""…스타트업, 강남 사무실 확보戰",2022.04.25.
422,"과실비율분쟁 운전자 83% ""내가 피해자""",2022.04.25.
423,"'2300만명+α' 삼성금융 '모니모', 공룡플랫폼 될까?",2022.04.25.
424,미술품 조각투자·송아지 사육 펀딩…한눈에 쏙쏙,2022.04.25.
425,"""IT는 결국 인재싸움… 서울·인천·부산에 해외두뇌 끌어와야"" [인터뷰]",2022.04.25.
426,거리두기 해소에 `여행·교통 앱` 뜨고 `배달 앱` 지고,2022.04.25.
427,"새 정부, 민간 중심 R&D·벤처 육성 추진",2022.04.25.
428,"대구시자치경찰위원회, 2기 ‘폴리스-틴·키즈’ 발대식",2022.04.25.
429,스타벅스 “카드 충전금 매장 보증금으로 안전 보관”… 고객돈으로 뭐하는 건가,2022.04.25.
430,잠자는 돈 16조… 주인을 찾습니다,2022.04.25.
431,"카겜, 해외 투자 '광폭행보'…올해만 벌써 850억 쐈다",2022.04.25.
432,[단독] 기관투자가 '뻥튀기 공모 청약' 손본다,2022.04.25.
433,'자이언트 스텝' 공포에 파랗게 질린 증시...환율은 연고점 또 경신,2022.04.25.
434,누적취업률 84% 명품 교육…‘삼성청년SW아카데미’ 열린다,2022.04.25.
435,KT가 베트남으로 간 까닭[광화문],2022.04.26.
436,"코로나사태 속 메신저피싱 급증…피해액 991억 원, 165%↑",2022.04.26.
437,"올들어 주식 24조 사들인 개미들, 美긴축-우크라 전쟁에 한숨",2022.04.26.
438,긴축이 집어삼킨 코스피…外人 7100억 매도 폭탄,2022.04.26.
439,"“변희수 하사, 만기 전역 하루 전 숨져 순직” 군사망진상규명위, 국방부 심사 요청키로",2022.04.26.
440,"보험사, “개발자 어디 없나요”…구인난 호소",2022.04.26.
441,[대한민국 대전환 'ON'] 특별좌담-대한민국 '산업 디지털 전환' 현황과 과제,2022.04.26.
442,"""2년만에 회식하고 집에 가려니 택시가 안잡히네요"" [현장르포]",2022.04.26.
443,"치솟는 임금, 못 따라가는 DB형 퇴직연금 수익률…대기업들, 기여금 6조 쏟아부어",2022.04.26.
444,카카오브레인 ‘AI 이미지 생성모델’ 깃허브에 공개,2022.04.26.
445,'여의도 큰손'들도 담았다…증권가서 주목받는 종목 뭐길래,2022.04.26.
446,"금융권, 일상회복에도 재택근무 이어간다",2022.04.26.
447,임금협상 두고 고민 깊어지는 삼성전자...경쟁사 눈치만,2022.04.26.
448,"""경력직도 스톡옵션 적용 파격"" KT클라우드, 인재 확보 시동",2022.04.26.
449,"""일 잘하는 점포에 '연필' 더 쥐어준다""는 최연소 KB은행장 전략은",2022.04.26.
450,“장애인과 소통하고 나누며 차별없는 세상 열어가요”,2022.04.26.
451,간편결제 3인방 작년 결제 금액 64조 육박,2022.04.26.
452,"책 읽지 않는 시대 파격으로 소통한 괴짜, 하늘 독자 만나러 가다...소설가 이외수씨 별세",2022.04.26.
453,"靑 내달 10일 정오 개방… 尹, 새 집무실 이름 ‘피플스 하우스’ 제안",2022.04.26.
454,"코스피도 2700선 재붕괴…증권가 ""6월까지 요동칠듯""",2022.04.26.
455,“은행 사칭 스팸 차단” KB 메시지 발송 시스템 개선,2022.04.26.
456,"주민등록등본, 이제 카톡으로 발급됩니다",2022.04.26.
457,"""1시간 호출해도 안 잡혀""… 심야 '택시대란' 해결책 나올까?",2022.04.26.
458,'검수완박'에 밀려 … 상임위도 파행,2022.04.26.
459,"“미래차 전환 어려움, 대구 종합지원센터 카카오톡에서 해결하세요”",2022.04.26.
460,"[2022 금융투자대상]한투증권 ""위기는 곧 기회…'점프 업' 할 것""",2022.04.26.
461,3년째 코스피 압도…高수익 무장한 펀드들,2022.04.26.
462,“모두에게 편리한 카카오 만듭니다”…IT기업 첫 ‘디지털 접근성 책임자’ 생긴다,2022.04.26.
463,장 마감 후 기업공시[4월21일],2022.04.26.
464,"거래 비중 우상향하는 개인, 주가는 살수록 떨어졌다?",2022.04.26.
465,"""친구처럼 교감""…AI와 '실감대화' 시대 성큼",2022.04.26.
466,"신한에 추월당한 카뱅…""결국 은행"" vs ""잠재력 여전""",2022.04.26.
467,집무실 용산 이전 2차 예비비 136억 국무회의 의결,2022.04.26.
468,은행 대출금리 올리는데…저축은행·카드사는 인하,2022.04.26.
469,구치소에서 잇따른 극단선택… 수감자 관리 ‘구멍’,2022.04.26.
470,올 들어 韓증시 24조 원 사들인 동학개미…순매수 상위 10곳 중 9곳 연초 대비 주가 ↓,2022.04.26.
471,"수익성 낮은데… 신한은행, 신도시에 집중하는 까닭",2022.04.26.
472,Z세대의 플렉스 공간 ‘메타버스’에 미래가 있다[세상 바꾸는 과학/최재붕],2022.04.26.
473,주식으로 연 8% 수익 올리고 싶나요?…답 알려드립니다,2022.04.26.
474,“노트북 불량인데 환불 거부” 플랫폼 피해 호소 2000여건,2022.04.26.
475,"네이버 28만원대로 추락, 1년새 최저가",2022.04.26.
476,"'효자템' 안마의자, MZ까지 품는다",2022.04.26.
477,"카카오엔터, ‘카카오웹툰 인도네시아’ 출시…""동남아 영향력 극대화""",2022.04.26.
478,尹대통령 취임식 끝나자마자 靑 활짝 열린다,2022.04.27.
479,"대우건설, 내달 9일부터 신입사원 공채",2022.04.27.
480,"바닥 뚫린 삼전·네이버…외국인 8,500억 '팔자'에 코스피 2600선도 '위태'",2022.04.27.
481,‘민원 대기순번 알림톡 서비스’ [지금 구청은],2022.04.27.
482,"소액으로 고액자산 쉽게 사지만… '먹튀'땐 보호 못받는다[조각투자, 혁신인가 허상인가]",2022.04.27.
483,"공정위, 카카오모빌리티 가맹 택시 ‘콜 몰아주기’ 제재 착수",2022.04.27.
484,깔면 5만원 벌고 안깔면 2만원… 택시 ‘지지기’ 극성,2022.04.27.
485,"“미래차 전환 어려움, 대구 종합지원센터 카카오톡에서 해결하세요”",2022.04.27.
486,美 금리인상 공포에 '신저가 행진',2022.04.27.
487,카카오게임즈 '찾아가는 프렌즈게임 랜드' 운영,2022.04.27.
488,우체국·플랫폼기업까지 마이데이터 ‘눈독’,2022.04.27.
489,수영복 판매 15배 껑충,2022.04.27.
490,명이나물·곰취… 강원 청정 봄나물 온·오프라인 총출동,2022.04.27.
491,사회초년생 주부는 사절…고신용자만 선호하는 은행,2022.04.27.
492,네이버웍스 1분기 국내 협업툴 사용자 1위,2022.04.27.
493,상하이 이어 베이징 일부도 코로나 봉쇄,2022.04.27.
494,"‘내 손안의 금융비서’ 마이데이터, 석달새 2600만명 몰렸다",2022.04.27.
495,'망 무임승차 방지법' 진통 끝 상정... 국회 문턱 넘을까,2022.04.27.
496,"[단독] 괌에서 원격근무도 된다…라인, 재택공간 제한 풀었다",2022.04.27.
497,靑 내달 10일 정오부터 무료 개방…27일 사전 신청,2022.04.27.
498,‘고어방 파문’ 1년 만에 다시 등장한 ‘고양이 학대방’,2022.04.27.
499,"“한류 모멘텀 지속, 글로벌 사업·현지화 강화가 열쇠”",2022.04.27.
