"","date","text","score","senti"
"1",2021-06-20,"    년 필자가 군대에서 막 전역 후 대학교에 복학하였는데  세상에 요상한 녀석이 하나 나와있었다  이이팟 세대 라는 녀석인데    같이 동영상 재생도 되고       를 쓰면 공짜로 문자도 보낼 수 있었다  응  이게된다고   요즘 친구들은 잘 모르겠지만  문자  통보내는데   원인가 그랬다  그 문자 보낼 돈 이 없어서 서로 막 문자사용권 팅   을 보내주고 그랬다  아재인증  처음에는        이라는 어플을 사용했었던것 같은데 어느순간 다들 카카오톡 이라는 메신져를 자연스레 사용하게 되었다 카카오톡      뭐야 초콜렛이야  먹는거냐   실제로     년대 초반에 있던일이다    그때 결심했다  저거 상장하면 꼭사야지 그런데     년대 중반으로 흐르며 사건이 이상  하게 돌아가 버렸다  당시 포털검색시장을 네이버와 양분하던 다음      을 카카오톡이 인수하고 우회상장한다는 이야기가 들렸다  다음이 카카오톡을 산것이 아니고  카카오톡이 다음을 사버렸다    당시에   업계에 엄 청 센세이셔널 한 일이었고  난리가 났다  당시 주식을 잘 몰랐지만 지금생각해보면 아마도 적자기업이 상장하기 쉽지 않아서 합병 카드를 꺼낸것이 아닌가 생각도 든다  아무턴   당시 주가가   만원정도로 기억되는데  액면분할 전 가격 지금으로 치면  만원 초반   대학생이라 돈은 없었지만  영혼까지 끌어모아서 카카오        을 샀다   당시 사명은 다음카카오  당시 투자 아이디어는 간단했다 독 점 기 업  마치 신설 무료 고속도로 같은 것이었다  굳이 고속도로 안타도 국도타고 돌아가면 갈 수 있겠지   근데 고속도로 말그대로 시간을 줄여주고 중간에 신호등 없이 쭉  빠르게 갈 수 있는데  그러한 생각으로 하나둘씩 타게 된다  왜냐구  빠른데 무료       잖아   전국민 오천만명이 카카오톡 쓰게 냅두고  적당한때에 유료화하면 게임끝  이렇게 간단하게 생각하고 매집하기 시작했다  나와 한배를 타신분들은 이미 알고 있으실테고  저 과거   년 차트에서 보시듯    카카오는 다음과 합병하여 우회상장후   주가가 지지부진하게 주르륵 미끄러졌다  응 괜찮아   당시 운좋게 취업도 되었고 적금식으로 계속 넣었다  그당시 내가 가지고있던 유가증권 중    정도가 카카오에 물려    있었다   돌이켜 생각해보면 상당히 힘든 시간이었다  세상이 밉기도 했다  카카오 주가는 지지부진 했지만 내 삶은 지지부진 하지 않았다   사랑하는 사람을 만나  결혼 을 준비하게 되었고 결혼 준비하다보니 돈이 이만저만 필요한것이 아니었다   유부님들 존경합니다    그런데 드라마틱 한 일이 일어났다    만원에서 처음사기시작해서  만원까지 떨어진 상태까지 계속 물을타서 평단은   만원 정도였는데  갑자기 카카오 주식이   만원까지 단기간에 급등했었다   지금생각해보면 급등도 아니다    당시 신혼여행 결제하려던 찰나였는데 더 마이너스 통장에 음수   를 기록하기 싫어서 카카오 투자금중 매우 소액만 남겨두고 다 팔아버렸다  그렇게 난 무사히 결혼에 성공하고 행복한 신혼여행을 다녀왔다  잡설이 왜이렇게 기냐고   응 맞아    아까말한 매우소액이         수익을 달성했다    이제와서  껄 무새가 되고싶지도 않고 애증의 카카오에 대한 필자가 느끼는 간략한 생각들을 적어보려한다  카카오의 대주주중 하나가 바로 중국 국민메신져        을 서비스하는 텐센트 이다  둘의 밀월 관계는 어디서부터 시작되었는지 가늠할 수는 없지만  카카오를 알려면 텐센트를 알아야하고  텐센트를 알려면 꼭  카카오를 알아야한다  그만큼 둘은 비슷하다  아마 이 둘의 고민은 그랬을 것이다  좋 은 메신져 만들어 놨는데  그런데   사람들 겁나 쓰는데   써버비용 많이 나가는데   돈은 안벌려     무료니까   그럼 페이스북처럼 광고 깔아   에이  메신져에는 광고 넣을데가 없어  그럼 어캄    게임을 넣어볼까  금융을 붙여볼까    를 붙여봐  야 일단 넣어보쟈  이렇게 시작되지 않았을까 싶다   필자의 어리석의 예상  그렇게 돈 벌다보니 알게된거지  어  고속도로 통행료를 받아야겠다  그냥 돈으로 받으면 없어보이니까 자연스레 내 다른 비즈니스를 이용하게 유도해야겠다    성장과정에서    는 필수였다  그래야 계속 비즈니스의 폭이 넓어질테니   근데 문제는 돈이 없었지    늘 돈은 없다  그러면 어떻게  그렇지  유상증자  아니지아니지    자회사 상장          응 배틀그라운드도 텐센트가 대주주야    텐센트 자회사를 세보자면   끝도 없지만 유명한 녀석들만 보자면                  제작 배급사             클래시오브클랜 에픽게임즈   포트나이트 제작 자세한건 나무위키 참조                                                 이렇게 큰형 텐센트가 성공을 맛봤으니 카카오도 따라가게된다  카카오게임즈를 시작으로 카카오 뱅크   카카오페이지   멜론   카카오모빌리티 등등등 당연한 이야기지만 필자가 들고있는 카카오 는 투자회사로 남을것 같다  그런데 네이버는 다르다구  네이버는 아직 국내 자회사가 없다   굳이 따지자면 알체라 정도   네이버는 투자회사 또는 지주사보다는  사업회사  로 남고 싶은것 같다  그들 속내는 아무도 알 수 없지만   카카오 는 자녀들을 고이 키워 다 독립시키고 홀로남아 자녀들이 주는 용돈 배당  으로 먹고 살아야 하는데  자녀들이 워낙 잘커서 그런지 자녀들 독립소식에 아버지의 가치 주가 가 계속 오른다  네이버 는 자녀들은 있지만 독립시킬 생각이 없다  끝까지 내자식이다  내가 품고 간다  하는데 아버지의 가치 주가 는 지지부진하다   모든 영역에서 선의의    경쟁을 펼치는 두 공룡이니 만큼 앞으로의 행보가 더더욱 기대된다 ",26,"pos"
"2",2021-12-13,"    년   월   일   카카오           지분구조 및 차트 간단 분석  주가 예상 카카오의 사업구조와 이를 둘러싸고 있는 이슈  각종 뉴스 등  현재 매출 구조가 어떻게 이루어지고 있는지에 대해서는 시간이 좀 흐르고 난 뒤  카카오 회사가 다시 안정기에 진입할때에 분석하고자 함  모바일 메신저인 카카오톡으로 성장한 작은 벤처기업인  카카오          이후에 인터넷 검색포털 기업  다음       과 합병하여  회사 이름을  다음카카오 가 되었다가 카카오의 회사규모가 너무나 커지자 결국  회사명에  다음 을 빼버리고 순수하게 지금의  카카오 가 됨    인수합병 당시에는  다음       이  카카오       보다 훨씬 큰 기업  이렇게 단기간에 한국의 우량기업이 되어 카카오 그룹으로까지 성장  이러한 과정에서 주가가 엄청나게 상승했지만  여전히 우량주로 평가받기 때문에 과연 우량주로 평가받을 수 있는지 순수하게 주가상태와 지분율로만 간단하게 살펴보고자 함  카카오 지분구조  대주주 지분율 약      액면분할을 실시한  월   일 이후  김범수 카카오 오너 일가가 모두 보유 지분의     내외를 매도  매도 평단가 약   만원 부근으로 예상  대주주 일가가 지분을 파는 것 자체는 불법적인 행위는 아님  보유 주식 지분을 사고 파는 것은 개인의 자유이기 때문  또한  주가 하락을 막기 위해 추가적으로 주가 방어를 위해 주식을 사야할 의무도 없으나  오히려 팔 경우에 도덕적인 지탄을 받을 수는 있음  카카오 오너 일가가 어떠한 이유로 지분을 매도했는지는 모르겠으나  액면분할 이후 당시 주가 기준으로 최고점 부근일때 매도한 부분은 좋은 모습은 아님  지분을 대거 매도하지는 않았기에 경영권은 여전히 김범수 의장 쪽에 있으나      수준으로 확고한 수준이라 보기 어려움  개인적으로 조금 불편하게 이를 보자면  주가 상승으로 인한 차익실현이라고 하더라도 김범수 의장 본인 지분만 일부 매도하는게 아닌 가족들 지분과 가족 회사인 케이큐브홀딩스 지분까지 모두 매도했다는 것  아직 이르긴 하지만  경영권에 대한 큰 관심도 없는 건가 약간 의구심이 들 수 있는 부분  국민연금        막시모        블랙록 자산운용사 약    등 언제든 경영권을 위협할 수 있는 수준               막시모    중국의 글로벌 게임회사 텐센트의 자회사 세계적인 자산운용사인 블랙록            가 지분을 가지고 있다는 부분에 큰 의미를 둬서는 안됨  블랙록같은 초대형 자산운용사는 엄청나게 큰 돈을 굴리기 때문에 세계 곳곳의 투자처에다 돈을 배치하여 최대한 안정적으로 성장하는게 목적  즉  어느 한 곳에서 돈을 잃어도 큰 타격이 없다는 것   이는 국민연금에도 적용됨  시간이 지나면 경영권 이슈에도 충분히 휘말릴 수 있는 여지가 있음   위에 언급된 기관 외에 다른 세력이 출현하며 경영권 분쟁을 일으킬 수도 있는 지분구조라 생각함    비교적 얼마 전에 있었던 한진칼 경영권 분쟁으로 인한 주가 폭등 사건  차트를 따로 공부하지도 않았고  차트를 크게 맹신하지는 않지만 주로 하락 추세 또는 상승 추세에 돌입 여부를 판단할 때에 차트를 신중히 살펴보는 편이기에 고점에서 이러한 시그널이 나온 카카오도 살펴봄  월봉상으로 추세가 일시적으로 꺾이며 크게 조정을 받은 모습  주가 차트는 계속 변화하기 때문에 매번 모든 상황마다 동일한 공식을 적용할 수는 없어서 단정할 수는 없음  그렇지만  단 한번으로 주가를 크게 털어내며 하락하는 경우는 덩치가 큰 회사에서는 일어나지 않음   아주 짧은 시간에 큰 폭으로 오른 시가총액이 작은 기업 제외  시가총액이 수십 조에 달하는 카카오 같은 기업은 여러 차례에 걸쳐 하락 시그널이 나올 수 밖에 없음  월봉차트에서 주봉차트로 확대하니  방향이 더욱 분명해짐  일봉차트로 확대하니 계속해서 단기적으로 작은 규모의 박스권을 형성하고 파괴하는 모습 반복  하락 시그널 출현할 때에 카카오 의장 김범수 오너일가가 매도한 시기랑 겹치지는 않으나  이보다는 먼저 이루어졌음   카카오 대주주 매도 시기   액면분할 직후     년  월 중순  차트상으로 하락 추세에 있는 시그널이 여러번 출현  몇 차례 더 나올 것으로 보여서 대단히 위험해 보임  새로 카카오 주식을 사려는 세력보다 이미 카카오를 가지고 있어서 팔려는 세력의 힘이 더 강한 모습  추세적인 하락을 보이다가 단기적으로 반등이 나올 수는 있으나  이전의 최고가였던      만원 선을 넘기기에는 아주 어려울 것  종전의   만원 가격을 재탈환하려면 몇 년 정도는 더 기다릴 강한 인내력이 요구될 듯  고점 대비 많이 할인된 가격대인 현재도 굉장히 불안정  중장기적으로도 당분간 계속 주가는 하락할 것으로 보임  우량한 기업이며 대한민국을 대표할 만한 플랫폼기업이기에 망할 일이 없을 것이라고 다들 얘기하지만  주가 자체만으로 보면 현재 포지션은 좋다고 보기 어려울 듯함  카카오의 재무제표  실적은 굉장히 좋아지고 있으며      년  분기의 경우 순이익을 무려     억원이나 기록      년에는 매출  조원을 무난히 달성할 것으로 보임  재무상으로도 크게 문제되어 보이진 않음  굉장히 빠른 속도로 성장하고 있는 것도 분명한 사실  단    조가 넘는 현 시가총액이 많이 부담된다는 점  카카오가 아무리 열심히 성장한다고 한들 연 매출      조 이상을 기록할 정도로 성장할 수 있을까 생각은 해봐야할 것임  그 정도는 되어야 현 시가총액에 맞는 실적  즉  주가가 지금보다 오른다기보다는 오히려 현상 유지를 할만한 수준인지 투자자들이 되돌아 볼 시점이라는 것  그게 아니라면 주가의 방향은 위보다는    아래로 향할 가능성이 높음   대부분의 고점을 향해 쉼없이 달려간 회사의 주가들의 모양이 그러함   한국이라는 내수시장에만 한정된 카카오의 사업구조도 불안한 부분  카카오 회사가 좋긴 하지만  지금부터 사서 모으기엔 굉장히 긴 시간이 필요할 것 같음  카카오를 사겠다면  지금 사기보다는 장기적으로 길게 두고 계속 지켜보면서 살 기회를 노려보는게 더 낫겠다는 생각      년   월   일 기준 카카오 분석",47,"pos"
"3",2021-06-18,"  차트를 클릭 하시면 크게 보실수 있습니다   일봉 입니다     차트를 클릭 하시면 크게 보실수 있습니다   주봉 입니다     차트를 클릭 하시면 크게 보실수 있습니다   월봉 입니다     최근  일동안 개인들 순매수 현황   최근 카카오 공매도 현황  카카오가 하루만에 네이버를 따돌리고 시총  위를 탈환했습니다   최근 카카오가 급등한 이유는 카카오뱅크등 계열사 기업공개      에 대한 기대감 때문 이라고 보입니다   이렇게 뜨거울때 종목은 관심을 받게 되고 급등하며 개인들의 매수세가 시작됩니다   그러나 주식은 차가울때 사고 뜨거울때 팔아야 합니다   결론을 말씀 드리겠습니다  일봉 주봉 월봉 평균 저항 고점 가격이        원 입니다   일봉저항 고점 가         원   주봉저항 고점 가            월봉저항 고점 가         원  위 내용은 제 개인적인 분석자료 입니다  참고하셔서 매매하시길 바랍니다   분석자료는 주린이 분들께서 저항대 고점 에 매수를 신중히 하시길 바라는 마음으로 올린다는 말씀 드립니다 ",27,"pos"
"4",2020-11-06,"카카오                    만원 상향     믿고 보는 실적   분기에도 전 부문에 걸친             시장기대치 상회      조의 매출                               억 영업이익                        을 기록  긍정적인 부분은 톡비즈  신사업  컨텐츠 전 부문에 걸쳐 예상을 상회하는 실적을 기록했다는 점   분기도 톡비즈가 견인  커머스와 광고의 성장을 기반으로                      증가   톡보드광고주       으로 연간 목표인       개를 상회  일매출 기준으로도   월에는   억원을 달성할 것  커머스 부문 전체 거래액은         증가  유료컨텐츠 부문 일본 픽코마의 거래액도          증가   신규비즈니스 턴어라운드에 주목   카카오페이와 카카오모빌리티가    수준 도달  카카오뱅크 역시 수수료수익   억원으로 비이자 부문에서 흑자전환을 하며 스펙트럼을 넓히고 있음  카카오페이는 결제와 금융을 중심으로 비송금부문 거래액      배 이상 증가 및 전체 거래액이     증가  특히 증권계좌 프로모션을 통해    만 이상의 고객을 확보했으며 이를 기반으로 펀드  대출중계를 포함한 다양한 금융상품 거래수익을 확대  연말 프로모션 등으로 공격적인 성장이 지속될 것   모빌리티 부문도 카카오 블루의 확대          카카오택시 스마트호출  대리운전의 호조로 빠른 손익 개선중   우월한 성장성  적정주가 상향조정   카카오는 최근  년간 분기평균 전분기대비     라는 놀라운 매출성장을 지속  향후  년의 성장률도 분기평균   를 상회할 것으로 기대   분기 실적을 기반으로 전부문에 걸쳐 매출추정치를 상향조정하였으며 적정주가도        원으로 상향조정      년 기준        배로 경쟁사의 성장률과 비교해     수준의 프리미엄을 부여  기존서비스의 고성장에 대한 확신이 있고  신규비즈니스의 이익기여도에 대한 기대가 커지고 있으며      년 자회사 상장에 따른 연결가치 재평가도 기대되는 부분자세한 내용은 링크                        를 참조바랍니다 위 내용은 컴플라이언스의 승인을 득함 감사합니다 ",39,"pos"
"5",2021-11-05,"오늘 간단히 살펴볼 종목은  카카오  입니다 오늘 카카오가 전년도 대비     정도 오른 실적을 발표하면서 어제       의 상승을 보여주었습니다 지난  월 초 정치권에서 온라인 플랫폼 불공정거래 규제 방안이 부각되었고 지수의 좋지 못한흐름에 며칠동안큰 하락세가 나왔었습니다 현재 차트를 보면 액면분할 하기전의 차트상의 갭을 한번 더 메꾸었고        원에 하락갭은 일단 사뿐하게 메꿔질것으로 판단이 됩니다        원 밑으로는 매수의 기회를 주는 것으로 판단이 됩니다  카카오  자산 시가총액 이어 매출도 네이버 제쳤다             종합  카카오    영업익     억  전년         파이낸셜뉴스             네이버 카카오  검은 수요일   시총   조 날아갔다   조선일보             ",12,"pos"
"6",2021-09-19,"내 블로그는 대부분 코인 매매하시는 분들이 팔로우 중인걸로 알고 있어 주식 분석을 관심있어 하실지는 모르나  주변에서 최근 카카오에 대한 질문에 많아 간단한 분석을 해서 블로그에 공유해보려 한다  최근 플랫폼 대기업의 불공정거래 규제와 관련한 이슈로 하락 중인데  어차피 내 블로그에 오시는 분들은 뉴스 검색하면 볼 수 있는 정보를 보러 오시는 분들은 아닐테니 기존과 같이 기술적 분석만 해보겠다  일단 결론부터 말하자면 지금의 가격이 그 어느때보다도 중요한 곳에 도달해 있는데  월요일에 저점붕괴로 종가 마감되지 않는다면 단기 매수를 받아보고 짧게 손절하기도 좋은 구간이다  일봉에서 일목균형표 상승대 구름을 돌파한 이후로 하락이 가속화 되었는데   화살표지점    일 꽤나 매수가 크게 들어왔으나  다시 한번 저점 테스트를 한 뒤 미약한 반등을 하며 금요일 장이 마감되었다  금요일에  시간 봉으로 마감된 캔들 패턴으로만 보면 사실 썩 좋은 모양은 아니지만  어차피 주말이 껴있으므로 월요일 시가가 어디서 형성되는지만 염두하면 될 것 같다  주봉을 보면 지금의 저점부가 상승채널의 하단에 정확히 걸려서 이미 한번의 반등이 나왔고 일봉상에서는 저점 리테스트까지 마쳤음을 볼 수 있는데  붕괴시는 일단 급등하던 채널이 깨지게 되므로 애매한 자리에서 매수를 받으면 크게 물릴 수 있으니 조심해야 한다  채널 이탈 후 급락시에는 다음 매물대인      원을 각오해야할 것 같고  하락이 일단락되고 반등을 기대하기 위해서는 주봉상 양운을 지켜주고     에서도 추세선 돌파가 일어나야 할 것이다  최근 너무 바빠 비트코인 분석을 쓰지 못했는데  코인 관련 분석도 조만간 해보려고 하겠다  나는 기본적으로 비트코인 선물을 매매하기에 알트코인은 잘 체크하지 않는데  궁금한 알트 코인이 있는 경우 다음 포스팅에서 답변을 해드릴 수도 있겠다 ",28,"pos"
"7",2020-08-31,"카카오 주가의 흐름을 살펴보면        원으로 개장해서장중 한때        원까지 살짝 밀린 후 상승 반전해서        원까지올랐었는데  현재는        원까지 다시 밀리는 모습입니다    카카오           카카오는 대부분의 신사업드링 이용자만 증가하는 상태에서벗어나 매출이 발생하는 단계로 진입했으며 광고를 중심으로 한 기존의핵심 사업부들 또한 빠르게 실적이 증가하고 있으며 상반기 내내상승한 주가에 대한 부담을 느낄 수 있었으나 실적 개선 및 사업 성장의방향성이 명확한 현 시점에서는 여전히 긍정적인 시각을 유지하는 것이바람직한 것",7,"pos"
"8",2021-02-13,"연매출  조원 돌파한 카카오         주식종목    년 새 폭풍성장 카카오   이노 시총   조 클럽   주가   만원 육박한 카카오 증권가는  더 간다 는 이유   카카오   매출  조 돌파 에   대 급등    특징주 카카오  어닝 서프라이즈 외인 순매수  강세  동사는 국내  위 메신저인 카카오톡 운영 을 바탕으로 성장하였음  카카오톡을 중심으로한 모바일 생태계 안에서 다양한 사업부문들이 시너지를 발휘하며 수익을 창출하고 있음  메신저  포털  커머스  모빌리티  테크핀 등 다양한 생활 밀착형 플랫폼 서비스를 통해 이용자에게 새로운 편익을 제공함  자회사인 카카오페이가     년 상반기 카카오페이증권 을 선보임  카카오게임즈는     년  월 코스닥 시장에 상장 함      년  월 전년동기 대비 연결기준 매출액은       증가  영업이익은        증가  당기순이익은        증가  코로나  로 인해 사회적 거리두기가 일상화로 언택트에 기반한 재택근무가 늘어나며 비대면 경제가 급성장함  이 트렌드에 수혜를 입어 동사 실적이 가파르게 향상됨  비대면 경제의 성장과  차 산업혁명에 힙임어 지속 성장이 기대됨  단  극심한 경쟁상태인 금융투자업에서의 카카오페이증권의 방향성은 유의점       카카오 연결 영업수익  조      억원                        영업이익      억원                           기대치      억원 에 부합                                      플랫폼 매출                       이하 동일      톡비즈  분기 매출 전년동기비       증가     포털비즈  매출 전분기비 완만히 감소     신사업  페이거래액         증가    콘텐츠 매출                    게임  엘리온매출이 가디언테일즈 매출감소폭을 일부 상쇄했음에도 전분기비 외형감소     뮤직  전분기수준 매출 유지     유료콘텐츠  페이지 재팬 합산 거래액 전년동기비         유통거래액     증가        비즈니스 및 기타  매출 전년비      확대    카카오 생태계 강화 효과 광고 커머스  비즈보드 광고에서 카톡채널  커머스까지 꾸준히 수익 및 이용자들이 증가하고 있다  또한  페이지 샵탭 카카오 향 비즈보드 광고 인벤토리 확대  구매 예약 등 서비스 확장 으로 매출과 이익 동반성장 가능할 것이다  이러한 근거로 카카오는   년 톡비즈 성장률     가이던스를 제시했다     신사업 수익화 모빌리티 페이   분기 카카오 블루 택시수 전분기비  천대 증가했다 누적    만대     년 비즈니스택시  주차서비스 출시 등 영역 확장 기반 매출확대  낮은 초기비용 투입으로 레버리지 효과 예상 된다    년 페이거래액가이던스    조원 제시되었다   년   조   년   조원    분기 거래액증가율    로 세분기 연속 증가율 상승  수익성 높은 비송금거래액 증가는 이익률개선 기대감을 높인다     중장기 성장동력 엔터테인먼트 엔터프라이즈   월 카카오 과 페이지의 합병법인 카카오엔터테인먼트가 출범     년 카카오페이지 수익성은 전년 수준 유지한 것으로 파악  공격적 마케팅비 집행에도 달성한 고무적 성과이다  오리지널 콘텐츠 기반글로벌    유통거래액 증가는 수익성개선 속도를 앞당기고 있다  수익화 시작된 카카오 은 원천  를 내재화하며 글로벌 콘텐츠 제작 유통사로서 역량 강화 예상 된다  카카오엔터프라이즈는 인공지능 기술을 활용  클라우드 기반 소프트웨어 개발 및 공급하며 중장기 플랫폼사 성장동력으로 자리매김하게 될 것이다  본 자료는 투자자들의 투자 결과에 대하여 어떠한 법적인 목적으로 사용되어서는 아니되며  본 자료에서 제공되는 정보에 의거하여 발생되는 투자 결과에 대해 어떠한 책임 또는 손해를 책임지지 않습니다 ",77,"pos"
"9",2021-09-08,"카카오           네이버          의 정부의 규제로 인한 주가 조정에 대비하자 대충 예견된 사태이기도 하고 향후 이런 부분에 대한 정부의 개입을 통한 규제가 지속적으로 시작될 것으로 보입니다  네이버 카카오에 투자하고 있는 투자자들은 염두에 둘 필요가 있습니다  지금 현재 상황은 카카오나 네이버가 하는 모든 산규 사업은 대박을 이어가고 있고   신규 공모주는 흥행을 이어가고 있습니다 솔직히 말하면 이 추세로 가면 국내 대부분 업종은 플랫폼 기업인 네이버나 카카오의 문어발식 확장의 대상이 될것입니다  네이버의 검색서비스와 카카오의 카카오톡은 그들이 진출하는 사업의 절대적인 뒷배가 되어서 기존의 상권은 거의다 장악할 것으로 보입니다  하단에 계열사 현황을 보면 카카오의 경우 계열사 숫자는 국내  위에 해당합니다 거의 다 내수 관련 업종입니다  최근 대리운전  스크린 골프 등까지 진출했습니다  그나마 네이버는 계열사를 줄이고 있습니다  대개 독점기업은 경쟁자를 다 정리한 뒤에 본격적으로 서비스 가격을 올려서 수금 활동을 시작 합니다  그래서 독점이 무서운 것이고  결국 모든 손해는 소비자에게 돌아가게 되어 있습니다  그래서 지속적인 정부의 개입과 견제가 있을 것으로 예상됩니다                                                                                                  어떤 사람들은 자본주의 시장경제에서 이런 것 까지 간섭하냐고 말할 수있습니다  하지만 자본주의라고 모든 것을 시장에 맡기진 않습니다  헌법에 명시된 자본주의는 자본주의와 공산주의의 중간에 어디쯤 위치한 수정자본주의입니다  주린이가 보면 도움이 될 포스팅",11,"pos"
"10",2021-06-19,"지난  월에 카카오        의 액면분할에 대해 짧게 포스팅한 적이 있는데요  액면분할 이후 계속 분위기가 좋아 다행이었습니다  저는 네이버와 카카오를 작년부터 하나하나 담고 있었습니다  코스닥 몇 종목에서 상장폐지당하고  감자도 당해보고 하니 코스피만 보게되더라고요  성지건설은 잘 모르는데 지인이 추천해줘서  미디어코프는 아주 예전에 박진영씨 주라고 샀었는데  지금은 둘다 슬픈 추억으로 남아있습니다  주식은 결혼 전부터 관심이 있었고 결혼 초 남편이 장려하기도 해서 시작  이래저래 돈 잃어보는 큰 공부하고나서는 멀리하고 있었거든요  그런데 작년 코로나시국을 맞이하면서 아이들이 학교  학원을 못가니 교육비가 남는 상황  그때부터 네이버와 카카오를 하나씩  하나씩 사서 모았어요  그때도  주당 가격이 큰 편이여서 많이는 못사고  주씩  주씩 줍줍     무슨 이유로 이 두가지 종목에 필이 꽂혔는지  오래 가지고 있어도 회사 없어지지는 않겠지 싶어 두 종목 위주로 줍줍하고  계란은 한 바구니에 담지말라는 오래된 격언을 기억하는바  다른 종류의 종목도 하나씩 모았는데  그때그때 뉴스에 따라 오르락내리락 하고있어요  그런데 오늘 카카오의 신고가 경신     씨드가 커서 많이 사서 보유했으면  금액이 더 컸겠지만 사실 제 주식역사상 이정도 수익률은 초초초초대박             이 아름다운 수익률의 카카오  네이버는 곧있을 이사에 쓰여질꺼라 아주 기쁜마음과 서운한 마음을 마지막으로 기록해봅니다  그나저나 아파트 전세는 왜계속 오르는건가요      ",22,"pos"
"11",2021-06-07," 카카오 주식 좀 사는게 어때요   남편에게 던졌습니다   우리집 주식 담당은 남편입니다   남편은 이미 조금 사놓았다고 종목리스트 캡쳐를 보내줍니다   역시 잘했네    그런데 갑자기 카카오는 왜   남편이 묻습니다  카카오        에 대해서는 사실 그동안 크게 생각하지 않았어요  네이버        에 대해서두요  우리나라 양대 플랫폼인데 어쩌면 너무 크다는 생각으로 선뜻 손이 안간 것 같아요  처음 주식투자를 전통기업들로 시작해서 그런지          기업은 무의식중에 제외하고 있었나봐요  그리 현명하지 못한 생각이었죠  그들이 얼마나 성장과 혁신을 주도해왔는데 말이에요  그 보이지 않는 심리적 벽을 깬 건  가지 거장들의 인터뷰와 기사를 보고나서 입니다     지난 주 퇴근길에 전 인피니티투자자문 박세익 전무님 의 최신 유튜브 방송을 들었어요  인포맥스 라이브 특집으로 박정호 교수님과 박재영 차장님이 진행하시더군요  두 분들의 날카롭고 핵심을 집어내는 질문들에 알차고 인사이트 넘치는 답변을 주시며    분 넘게 최고의 방송을 해주셨습니다  현명할 뿐만 아니라 품성도 따뜻하신 박전무님 말씀을 흐믓하게 듣고왔지요  여러가지 내용 중 전무님께서 군대에 가있는 조카에게 월급으로 카카오 몇주씩 사라 고 하셨다네요  군대에 있어서 어차피 주식공부는 못하니 매월 월급으로 카카오 주식을 사두면 나중에 아주 좋을 거라구요   오  좋은 방법이다   듣고 끄덕끄덕하고 지나갔습니다  다른 인상깊은 좋은 내용들이 워낙 많았거든요     오늘 투자자 와이민님께서 블로그에 에셋플러스자산운용 강방천 회장님 인터뷰 기사를 소개하시길래 원본 기사를 읽어봤습니다  그런데 거기에도 카카오를 언급하시더군요  아  카카오나 미국의       같은 기업은 이익이 훼손되지 않고 갈거라 고 보시는구나  제가 그동안 카카오에 대해서  도 공부를 안하고 기업가치에 대해 관심이 없었구나 생각이 들더군요     그리고 하나 더  이 기사를 보았습니다  카카오가 엔터테인먼트까지 이렇게 사업을 확장 했단 말이야  매니지먼트  개사와 음악 레이블  개까지 두고 있는데 그치지 않고    인수까지 눈여겨 본다니   이 세 가지 힌트를 보고 카카오를 사자고 한 거에요  주식공부나 기업분석은 잘 못하지만  대가들께서 말씀하시니 나도 한번 올라타볼까 한 겁니다  이렇게 주식을 사도 되나요  잘 모르겠어요  큰 돈을 넣을 건 아니고  넣을 돈도 없고  조금씩 보초병을 세워놓고 지켜보면서 더 공부하고 판단하면 되지 않을까  나름의 생각입니다  오늘 종가 잘 보고 나중에  년 후에 봐야겠습니다  성지가 될 것인지     ",25,"pos"
"12",2021-03-14,"카카오         분석 보고서   업 종   플랫폼   매 출   플랫폼       콘텐츠        시가 총액     조      억   주 소   제주특별자치도 제주시 첨단로     영평동    유통주식수     백만   대표이사   여민수  조수용   대 주 주   김범수           재무상태 좋음   부채비율      유보율           기업 개요   플랫폼 사업   주요 사항   카카오톡의 플랫폼을 기반으로 광고 게임 커머스 콘텐츠 핀테크 등 다양한 서비스 제공과 자회사 다수 보유   카카오커머스  카카오엠  카카오페이  카카오게임즈  카카오페이지  카카오모빌리티  카카오아이엑스  카카오재팬  카카오뱅크   시너지를 추구하는 네이버와 달리 개별 브랜드 경쟁력 성장 추구   플랫폼 사업   톡비즈        하반기 출시  광고       만명 광고주 확보로 선물하기 쇼핑라이브 메이커스 등 외형 성장 명품 잡화류 입점    포털비즈   디스플레이 광고 매출 증가  코로나   검색 광고 매출 감소   신사업   코로나   영향으로 모빌리티 카카오페이 수요 증가 및 규모의 경제 단계 진입으로 의미 있는 이익 기대   콘텐츠 사업   게임   신작  엘리온  출시   가디언테일즈  매출 안정화   뮤직   멜론 시장  위 확고한 지위 유지 및 캐시카우 역할 수행 엔터 사업 산업은행 투자  천억원  및 가치 인정     조원   카카오워크  카카오 클라우드 서비스 오픈으로     년 상반기 클라우드 진출   유료콘텐츠   카카오 재팬 픽코마 외형성장으로 시장  위 등극 및 수익개선  위  연재형 웹툰 성장 및        월 카카오페이지  기다리면 무료  모델 대성공으로     달성   향후 전망   카카오페이  조  카카오뱅크   조  카카오페이지  조      년     추진 예정       년 이후 카카오엠  카카오모빌리리티  카카오엔터프라이즈 등 상장 예상       년 자율주행 택시 도입 및 발렛파킹 등 서비스 확대로 모빌리티 플랫폼 확장",36,"pos"
"13",2021-09-08,"   일 더불어민주당 송갑석  이동주 의원의 주최로  공룡 카카오의 문어발 확장 플랫폼 대기업의 불공정거래 근절 및 골목상권 생태계 보호 대책 토론회 가 열림   여당인 민주당이 인터넷 플랫폼에 대한 불공정거래 규제 방안을 공론화하면서 투자심리 악화   최근 카카오 관련 시장 독점 논란이 계속되자  정치권이 개입에 나선 것으로 풀이   규제 완화로 성장한 빅테크 기업이 골목상권을 침해해 소상공인의 피해가 심각   카카오가 규제 완화 정책을 이용해 택시  주차  대리운전  스크린골프 등 골목상권에 깊숙이 침투       년 말   개였던 카카오 계열사는 지난  월 말 기준으로    개로 문어발식으로 확장   불과  년만에 삼성    와 어깨를 나란히 할 만한 기업으로 초고속 성장한 배경에는     기업에 대한 규제 완화 정책이 있었다는 것이 시장 평가   국회에는 현재 네이버  카카오 등 온라인 플랫폼의 불공정 거래 행위를 금지하는 내용의 법안이 계류 중   금융위원회와 금융감독원은  일 카카오페이  네이버파이낸셜 등 일부 온라인 금융 플랫폼의 금융 상품 관련 서비스를 금소법상  중개  행위로 판단 해 시정 조치 요구   금융 플랫폼의 상품 비교  추천 서비스를 단순  광고 대행  이 아닌  투자 중개 행위 라고 판단   앞으로 카카오와 네이버가 해당 서비스를 계속 제공하려면 금소법에 따라 금융 상품 판매대리 중개업자로 등록해야 한다 는 설명   금소법 계도기간은 오는   일 종료돼 금융플랫폼 서비스 기업들은 그 전까지 법 위반 소지를 해소해야 함    월        일   기관투자자 대상 수요예측 진행     월      일   일반 청약 진행     월   일   코스피 상장 목표   이달   일부터 카카오페이와 네이버파이낸셜 등 빅테크 계열 금융 플랫폼에서 펀드  연금 등 다른 금융사 투자상품을 비교  추천할 수 없음   금융위가 문제삼은 카카오페이의 경우 피플펀드  투게더펀딩 등 온라인투자연계금융업체와 제휴를 맺고 연계투자서비스를 제공   금융위는  카카오페이가 자사 앱에서 체결된 계약 건수와 금액의 일정 비율을 판매업자로부터 수수료로 받았다 며  판매과정이 플랫폼 내에서 이뤄져 소비자가 계약을 플랫폼과의 거래로 오인하기 쉽다 고 지적   금융위는 카카오페이 내  투자  서비스에서 이뤄지는 펀드와 연금  저축보험 등 금융상품 계약도 역시  중개 로 봤음   카카오페이 측은 해당 서비스가 광고에 해당한다고 주장했지만  결국 카카오페이는 최근 이 서비스를 중단    일 국내외 자율주행 기업과의 전방위적 협력을 통해 서비스 상용화를 가속화하고 자율주행 생태계의 성장을 도모 하는     자율주행 얼라이언스 프로그램 을 출범한다고 밝힘   카카오모빌리티는 개별 자율주행 기술의 서비스화를 돕고  이종 분야 간 협력을 촉진할 계획   자율주행차를 단순 이동 수단으로 활용하는데 그치지 않고 공간의 제약을 넘어  사물과 서비스의 이동 도 실현할 수 있는  공간 플랫폼 으로 진화시키는데 주력할 예정   정부  삼성전자  네이버  카카오  이동통신  사등 기업들이 모여 한국의 인공지능     경쟁력을 높이기 위해 협력하는     최고위 전략대화 출범   한국은 미국  중국 등에 비해 데이터  컴퓨팅 인프라 등 자원이 상대적으로 부족해 이를 극복하기 위한 민관의 전략적 협력이 필요   과기정통부는 전략대화에서   반도체  클라우드 등 활용 방안  민관합동 우수 인재 양성  디지털 헬스케어 등 서비스 활성화 같은   관련 전 분야를 다룰 계획 이며  전략대화는  개월에 한 번 정기적으로 열 예정              ",10,"pos"
"14",2021-02-13,"카카오         배당금 기준일  지급일  매수가능일  배당락일 결산배당 연  회   주당 세전    원    매수가능일      년   월   일 배당락일      년   월   일 기준일      년   월   일 지급일         년  월   일       전망치   공식적인 배당기준일은   월   일이나 휴장이므로 편의상   일을 기준일로 표현   이 포스팅은 투자권유의 목적이 아니며 모든 투자에 대한 책임은 본인에게 있습니다",3,"pos"
"15",2021-01-08,"카카오          월  일 증권사 리포트 목표주가 상향 조정을 받은 기업들에 대한 개인적 의견입니다  대한해운  삼성전기  삼성엔지니어링            유니테스트  현대백화점                 하이닉스    대한통운  카카오가 다수의 증권사로부터 전일 종가대비 목표주가      이상 상승된 종목입니다  금일에는  한국투자에서 발행한 를 통해 카카오의 전망 대해 알아보도록 하겠습니다  잘 아시다시피 카카오는 국내 인터넷 서비스 산업을 주도하고 있는 인터넷산업의 대표 기업군입니다  코로나  로 인한 언택트 비대면  시대가 가속화되면서 새해 들어 온라인 플랫폼 매물은 쏟아지고 있습니다  더군다나  정부가 지난  일  디지털 뉴딜 실행 정책 을 발표한 바도 있었습니다  디지털 뉴딜은     년까지 총   조     억 원을 투입하여 경제 사회 전반의 디지털 전환을 가속화하는 국가 프로젝트입니다  이에 발맞추어 카카오는 현재 시장 지배력을 더욱 키워나가고 있는 상황입니다  한국투자증권이 바라본 바로는  카카오의 본업인 비즈보드 기반의 광고 사업이 여전히 가파른 실적 개선 구간에 있는 이상     년에도 주가는 긍정적일 것이라며 목표주가를 기존        원에서        원으로 상향했습니다  카카오의 지난해    분기 매출액과 영업이익은 각각 전년 동기 대비    늘어난  조     억원        늘어난     억원으로 전망했습니다  톡비즈 매출은 광고와 커머스 매출의 호조로       상승한     억을 기록할 것으로 추정되며  신사업으로 인한 매출 증가로 전년대비      증가한     억원을 기록할 것으로 보고있습니다  이러한 주요사업 부문 성장뿐만 아니라 특히  신사업으로 추진중인  핀테크            금융과 기술의 합성어  와  모빌리티   승차공유 서비스    웹툰  등 신사업 대부분이 지난해를 기점으로 매출이 빠르게 증가하고 있다고 설명했습니다  신사업모델들이 다변화되면서 매출이 고성장하여 실적 개선에 크게 기여할 뿐아니라  개별 신사업 가치 상승까지 견인하면서 주가에 매우 긍정적일 것이라는 반응을 보였습니다  이렇게 모든 사업부에서 폭발적인 외형성장이 나타나고있으며  적자 자회사들의 흑자 전환으로 이익 레버리지 효과는 본격적으로 나타나고 있다고 설명했습니다  이러한 카카오의 이유있는 상승에 최근 다수의 증권사로부터 상향조정을 받았습니다  카카오의 목표가는 전일 유안타증권에서 제시한        원에서부터 대신증권이 제시한        까지 분포해있습니다  카카오의 성장은 여기서 멈추지않고 크게 도약할 것이라는 증권가의 의견들이 모두 일치하고 있습니다   일    시   분 기준  카카오                상승한 모습을 보여주고있습니다  그 외에    일    시   분 기준  대한해운         삼성전기                                 유니테스트         현대백화점                               하이닉스           대한통운       의 등락률을 보였습니다  출처   한국투자증권  대신증권 리포트와 각종 언론사를 참조한 포스팅입니다  주의  분석글을 참고해 매매한다 해도 그 책임은 전적으로 투자자 본인에게 있으며 라온제나주식독법 블로그 및 카페는 그 어떠한 책임도 지지 않으므로  투자의 최종 결정은 자신의 판단으로 하시기 바랍니다   목표주가상향리포트  카카오  카카오톡  카카오톡비즈  카카오뱅크  카카오모빌리티  카카오신사업  목표주가상향리포트  카카오  카카오톡  카카오톡비즈  카카오뱅크  카카오모빌리티  카카오신사업  카카오핀테크  카카오페이지  카카오비즈보드  비즈보드광고  소셜커머스  카카오핀테크  카카오페이지  카카오비즈보드  비즈보드광고  소셜커머스  디지털뉴딜정책  디지털뉴딜  언택트대장주  코로나    디지털뉴딜정책  디지털뉴딜  언택트대장주  코로나    대한해운  삼성전기  삼성엔지니어링     엔터테인먼트  유니테스트  현대백화점  대한해운  삼성전기  삼성엔지니어링     엔터테인먼트  유니테스트  현대백화점                하이닉스    대한통운                하이닉스    대한통운",53,"pos"
"16",2021-02-10,"실적으로 보여준다주력 사업부 고성장이 또 한 번 확인된  분기",1,"pos"
"17",2021-05-09,"얼마전에 황족님이 추천하신 카카오저도 조금씩 담고 있습니다 매수 의견과 목표가        원을 제시했네요  자세한 내용은 첨부파일 참고하세요",6,"pos"
"18",2021-06-16,"인터넷 관련주 카카오         목표주가 전망 레포트 분석               카카오는     년 다음과 합병한지  년이 가까워지는 현 시점에서 사상 최초로 종가 기준 네이버의 시가총액을 역전  카카오  플랫폼 확장성 리레이팅 요인 이익 규모에서 여전히 체급 차이가 존재함에도 불구하고 카카오톡을 기반으로 하는 플랫폼 확장성과 이익 성장률에서의 차별화가 경쟁사 대비 리레이팅을 유지시킨 근본적인 원인으로 판단   분기 실적 가시성이 높고  핵심 자회사들의    가 목전으로 다가온 만큼 높은 밸류에이션에도 불구하고 당분간은 견조한 주가 우상향을 예상  분기 동사 영업수익은  조      억원              영업이익      억원            으로 시장기대치를 소폭 상회할 전망  매출 성장은 성수기 업황에 진입하는 톡비즈  여전히 초고성장 구간인 신사업 페이  모빌리티       성장만으로도 전년동기대비로는         성장이 무난한 픽코마가 견인할 것으로 예상  영업이익률은      로 전분기비 소폭 개선되며 매출 성장에 따른 레버리지 효과가 전망되는 상황  다만  당분간은 콘텐츠  금융  모빌리티 등 고성장 부문에 대해서는 비용지출이 다소 있더라도 외형 확대를 동반한 시장지배력 확보를 우선시할 전망 동사는 금융과 콘텐츠를 중심으로 경쟁사 대비 우위를 확보하고 초격차를 유지하는 전략 을 구사할 것으로 예상  금융은 간편결제  금융서비스뿐만 아니라 증권 보험 등 종합 금융투자서비스업을 지향하고 있으며  인터넷전문은행인 카카오뱅크까지 갖추고 있어 확실한 경쟁우위를 갖춘 것으로 판단  한편  콘텐츠도 웹툰 웹소설에서 상대적으로 약세였던 해외 진출이  월부터 가시적인 결실을 맺고 있으며      과 드라마는 직접 제작 및 플랫폼 투자를 동시다발적으로 진행하는 양상 동사에 대해 투자의견 매수를 유지하고  카카오 목표주가는   만원으로 기존대비     상향 조정하도록함  목표주가 상향근거  분기 온라인 광고 업황의 성수기 진입 및 수요회복에 따라 실적 전망 치를 올렸고  일등의 경쟁력을 확보한 금융 및 콘텐츠 사업부문에 대한 평가가치를 상향한 점에 기인  투자의견 매수 근거   카카오페이  카카오뱅크 등 금융사업 자회사의 상장이 임박했고    구독서비스 론칭으로 서비스 플랫폼 간 영업 시너지 및 고객 락인효과가 본격화되며    콘텐츠 사업의 해외진출 성과가 하반기 가시화될 전망 이기 때문이다  인터넷관련주  인터넷관련주  카카오레포트  카카오레포트                  카카오목표주가  카카오목표주가  카카오분석  카카오분석",35,"pos"
"19",2021-04-30,"    발신  한투 현금매수체결카카오         주       원그동안 삼성전자와  차전지 뉴딜만 매수하다가첨으로 카카오 매수 해봤습니다 지금 카카오 사면 안된다는 말 유튜브로 몇개봤는데너무 사보고 싶어서 우선  개만 매수해봤습니다카카오 주주님들 화이팅      ",1,"pos"
"20",2020-12-04,"오늘 추천할 종목은 코로나  로로 인해 사회적 거리두기가 일상화되고 재택근무가 늘어 비대면 경제 성장의 수혜주   대한민국 국민이라면 다 사용하고있는 메신저 바로 카카오         에 대해 알아보도록하자  카카오는 국내  위 메신저인 카카오톡 운영사다  카카오톡을 중심으로한 모바일 생태계 안에서 다양한 사업부문들이 시너지를 발휘하며 수익을 창출하고 있다  메신저  포털  커머스  모빌리티  테크핀 등 다양한 생활 밀착형 플랫폼 서비스를 통해 이용자에게 새로운 편익을 제공하며 자회사인 카카오페이가     년 상반기 카카오페이증권을 선보였으며  카카오게임즈는     년  월 코스닥 시장에 상장하였다      년  월 전년동기 대비 연결기준 매출액은       증가  영업이익은      증가  당기순이익은        증가  코로나  로 인해 사회적 거리두기가 일상화되고 재택근무가 늘며 비대면 경제가 급성장하였다  비대면 경제 성장   차 산업혁명에 힙임어 지속 성장이 기대되는 기업이다  캐시카우 비즈보드     년 수익성 개선의 원동력        년 카카오톡 상단에 광고노출 시작     년  월에 카카오톡 채팅탭 상단에 성과형 광고 상품 비즈보드노출 시작하였다  비즈보드 광고주는  월말 기준       곳 돌파   분기 비수기에 월 최고매출 경신하였다  비즈보드 일평균 매출은     년   월  억원에서     년   월에는   억원 상회 전망 비즈보드     년 매출은    억원      년 매출은      억원으로 예상한다  이렇게 비즈보드 광고 매출 증가를 강조하는 이유는 인터넷 광고는 광고대행 수수료 광고 매출의        해당  광고를 대신 수주해준 것에 대한 수수료 외에는 변동 비용이 없는 고수익 비즈니스  즉  영업이익률이        이기에 직접적인 수익성 개선 효과가 크기 때문 이다         년 비즈보드 광고 매출은      억원으로     년 대비      억원 증가 전망     년 비즈보드 광고 매출은      억원으로 예상      년보다      억원 증가 전망  즉       억원 이상의 영업이익 증가 효과 기대된다  한국 성과형 타겟팅  광고 시장은     년부터 본격화될것으로 보인다  카카오톡 비즈보드 광고 단가 광고매출 이용시간 는 경쟁 상품       모바일 첫 페이지   광고의     수준으로 여전히 높은 가격 경쟁력 확보      년 비즈보드 광고 매출이 예상치를 상회할 가능성이 크다     카카오페이  데이터 경쟁력으로 차별화된 금융 서비스 제공 가입자      만명 돌파      년 거래액   조원 전망이다  송금 및 결제에서 타 테크핀사와 구분되 는 카카오만의 경쟁력 구축하였으며 금융 부문은 올해 펀드 투자 출시하면서 현재 일평균 투자   만 건 이상 기록하였다  향후 교통카드  정산  버킷리스트 등 다양한 기능 추가할 것이며 카카오 내 사용자 데이터를 기반 으로 마이데이터 사업 진출 및 자체 신용평가 모델 개발 예정이다  자회사 투자 및 성장 유지 측면 에서 기업공개 필요하다고 판단해 추진 중이다  기업평가지수 모멘텀     기업규모    수익건전성    성장성    기업투자    배당성    총점   점 과거 카카오톡은 메신저로의 역할만으로 시작해서 그후 많은 사업을 다각화 하여 현재 기프티콘  간편결제  카카오택시  카카오게임즈  카카오뱅크등 다양한 사업을 시행하고 있다  여전히 잠재 인벤토리가 충분한 톡보드  취향 만족 쇼핑으로 진화 중인 커머스  거래액 증가 및 게임즈 뱅크 페이지에 이어 상장 모멘텀 부각될 페이  괄목할 성장세를 시현 중인 픽코마  내년    적용이 본격화될 카카오   등에 힘입어 카카오의 미래성장은 당분간 이어질 것으로 보인다  이에 따라 페이 실명 계좌 전환  카카오   콘텐츠 제작  픽코마 프로모션 등 관련 비용 증 가에도 불구하고  분기 영업이익은      억원         으로 개선세가 지속될 것으로 예상된다  목표주가는        원까지 예상한다  카카오 사고 싶지않은가 ",71,"pos"
"21",2020-11-09,"  기사요약교보증권 박지원 애널리스트매수의견     유지  목표주가        원 유지    고품질의 라이브커머스 방송은 카카오커머스의 핵심 마케팅 채널이 될 것  카카오커머스의 사업 전략은  매스티지 럭셔리 브랜드의 온라인 쇼핑화   국내 매스티지 및 럭셔리 시장 온라인화     미만  선점을 통해 독보적인 영역 확보 목표    카카오 라이브커머스 서비스   기존의   홈쇼핑과 유사한 고품질의 방송 송출 중    월에 정식 런칭  전담팀 구성    하루    회 카카오톡 내  탭 카카오톡 내 세번째 화면 에서 라이브 스트리밍   제한된 방송으로 관심이 집중   타 서비스와 차별화  제작 역량을 내재화하고 방송 송출권을 회사 내부에 남겨둠으로써 동사는 라이브커머스의 방송 품질이 높고 균일하게 유지  향후 카카오커머스의 핵심적인 마케팅 채널을 담당할 것으로 전망  카카오페이 같은 결제 방삭과의 시너지 기대  톡채널은 특정한 라이브커머스 방송이 끝난 이후에도 다양한 혜택과 정보를 제공   카카오쇼핑라이브에 대한 소비자의 충성심과 참여도를 높일 것으로 예상    리뷰카카오에서 라이브커머스를 하고 있네요  카톡에서 선물하기 기능을 워낙 잘 사용하고 있는데도 이 부분이 사업부문이라는 생각으로 연결하지는 못했어요    월에 아프리카   리뷰 하면서 첨부했던 기사를 보면 쿠팡  네이버  카카오까지 뛰어드는 별들의 전쟁이라는 내용이 있었습니다 역시나 카카오가   월에 타켓층을 세부적으로 세우고 런칭을 잘 진행한 듯합니다 네이버는  노트북으로  스마트스토어에서 네이버페이를 이용하고카카오는 카톡에서 연결해서 카카오페이를 이용하고  음  너무 독식이 되는 것이 아닌가 하는 생각이 들지만 편하긴 정말 편해요  전 아직 리포트를 읽으면 산업적으로나 종목으로 연결되거나 매수로 연결은 아직 안되고 내 삶에 어떻게 적용되어 있는지나 개인적인 느낌이 먼저 많이 들어서  리포트 리뷰가 지극히 사적입니다                                                       가치투자 무료채널  가투로 텔레그램   국내외 뉴스시황   종목설명 및 무료추천                                                                        가투로캠퍼스 유튜브   종목추천  주식교육                                                                       ",22,"pos"
"22",2021-11-17,"서론   메리츠에서 나온 인터넷 게임             리포트 본론   카카오 분석 요약 결론   서론 오늘 메리츠 증권 김동희 에서 인터넷 게임 섹터에 비중확대            를 외친 리포트가 나왔습니다           은 카카오와 크래프톤이었습니다  카카오와 크래프톤의 적정주가   개월         는 각각   만원과   만원을 제시하였습니다  그리고 관심 종목으로        엔씨소프트  카카오게임즈를 제시하였습니다  그리고 적정주가는   만원    만원    만원을 제시하였습니다  그 중에서 제 보유종목인 카카오와       관련 내용만을 요약 정리해 보았습니다  본론 카카오           년  분기부터 리레이팅 재개될 것  투자의견      적정주가   만원       년 매출액과 영업이익은 각각    조원                   억원            으로 예상  외형 성장에 힘입어 이익레버리지 확대  영업이익률은      로           향상될 것        년에도 주요 자회사들의 가치 재평가 지속  카카오엔터테인먼트와 카카오픽코마의     가능성    광고 커머스부터 컨텐츠 웹툰  영화  드라마   게임  모빌리티  기술 그라운드  까지 이어지는 고른 성장    적정 가치는 카카오톡 가치     조 원  자회사 가치     조 원 등을 합산한     조 원으로 평가    핵심 자회사들의 상장으로 카카오 모회사의 투자 메리트 약화가능성 있으나    모회사는 광고와 커머스 기반으로 지속 성장하고 있어     년  분기부터 강력한 리레이팅 재개될 것  결론 카카오는 제가 작년  월 부터 투자를 시작했기에  수익률이 항상 탄탄하여 별다른 걱정을 하지 않고  맘 편하게 투자할 수 있는 효자 종목이었습니다  골목 상권 침해 등으로 노이즈가 발생했을 당시에도 특별히 걱정은 하지 않았고  주가가 지지부진한 최근에도 크게 걱정은 하지 않았지만 그래도 언제쯤 다시 추세적으로 상승할 수 있을까 궁금해 하던 종목이었습니다  리포트에서 말하는 상승의 논리나 리레이팅의 논리가 특별할 것은 없는  늘 듣던 내용이지만 그래도  리레이팅은 내년  분기부터라고 찍어주니 왠지 마음이 편해지기도 하네요  최근에는 극도로 현금 비중이 낮아져서 더 살 여력은 없지만  마음 놓고 홀딩할 수 있을 듯 합니다 ",28,"pos"
"23",2021-03-31,"안녕하세요  날이 많이 풀려서 꽃이 피고 있는 예쁜 봄입니다  오늘은 주식 종목 분석을 해보려고 하는데요  작년과 올해 가장 뜨거운 종목 중 하나인 카카오        에 대해 알아보도록 할게요         년  분기 가파른 실적 지표   비즈보드  커머스 등 성장 사업부 실적 모멘텀 지속   쇼핑 탭 추가로 거래액 증가 전망   카카오뱅크앱  카카오페이앱 순이용자  월   월에도 증가   픽코마 일본 웹툰 서비스  거래액 증가 전망  일본 모바일 인터넷 비즈니스 신기록 경신중    가상화폐 거래소 업비트 성장의 최대 수혜 기대   카카오는 업비트를 운영하는 두나무의 지분     가량을 직간접적으로 보유   가상화폐 열풍이 현 수준으로 유지될 시 올해 지분법이익만 천억원 이상 기여 전망   글로벌 가상화폐 거래소 코인베이스의 나스닥 상장 이후 지분가치 재평가 기대        액면분할로  월      일 거래 정지    일 거래 재개    분기 매출액  영업이익은 각각     전년대비               증가 전망  여기에 비트코인 거래 활황으로 예상치를 상회하는 지분법이익 인식 전망   액면가    원에서    원으로      일부터  일 거래 정지 이후     일부터 거래   카카오페이는     년 상반기에  카카오뱅크는 하반기에     기업공개 할 것으로 기대        기업군의 주가 변동을 반영  목표 주가   만원  기존   만원  제시  위 내용은            미래에셋대우의 리포트 김창권  임희석 연구원님 를 바탕으로 정리하였습니다  자세한 내용과 데이터는                                                                            에서 확인해주세요    투자의 책임은 본인에게 있으며  모든 투자는 원금 손실의 위험이 있으니 주의하시기 바랍니다 ",26,"pos"
"24",2020-08-05,"요즘 카톡 안쓰는 분 계신가요     이제는 우리 생활에 너무나 가까워진 카카오         는 톡 말고도 은행이나 택시 등등 여러 방면으로 힘을 키워나가고 있죠  코로나 사태가 장기화되면서 비대면 사업에 엮여 더욱 수혜를 입고 있는데  어디까지 커져나갈지 한 번 짚어봅시다    이제는 공룡기업이라고 불러도 될 정도로 여기저기 확장해가는 대형주가 되었는데요  올 초반   만원 이하에 머무르다가 두배 가까이 올라   만원을 훌쩍 넘었네요  카카오가 대형주로 인식된만큼 무턱대고 쭉쭉 오르진 않을 것이므로 수급을 체크하며 대응하시면 되겠습니다  자세한 내용은 삼지창 대표님의 의견을 들으시면서 함께 생각해 보실까요     월 하반기에 기관과 외인 매수세가 들어왔지만 최근의 가격대    만원 위  에서는 조금씩 매도세가 나오고 있기도 합니다  주식 차트에서는 쌍봉이 나오면 차익실현 물량이 많아지는 경향이 있으며 조정을 받을 가능성도 커지게 되는데요  그러므로 카카오 주가를 기준으로 보면   만  천원 정도의 선에서 자리를 지켜주어야 해요  요건  일선을 기준으로 본 가격인데 이 선을 이탈하면 단기적으로 봤을 때   일     일선도 함께 벗어날 우려가 있습니다  그러니 단기 관점에서는  일선을 보고 이탈 여부를 살피심이 좋겠죠    이탈이 없을 경우에는 홀딩해 두시고  조정이 나왔다면 마지노선으로는   일선을 지지하는지를 보시면 좋겠습니다  적어도  월   일 쯤의 자리인   만원 부근까지는 지지해줘야 할 것으로 보이며  한동안은 횡보하는 흐름이 나올듯 합니다  카카오 같은 언택트 관련 종목들은 지속적으로 상승할 여지는 많은 편이지만  우선은 조정을 감안하며 대응하시길 바랍니다    중장기 관점에서는   만원대 까지도 밀려날 수 있다는 점을 염두해 두세요  행복한    카카오프렌즈처럼 카카오 주가도 계속 즐겁기를 바라며  앞으로는 어떤 소식을 가지고 올지 한번 기대해 보도록 해요    오르미의 포스팅이나 삼지창 대표님의 주식정보도 언택트로 볼 수 있겠죠  집에서도 편히 이슈를 받아보고 따끈한 종목을 알아가고 싶으시다면 삼지창 사단과 함께하시는 건 어떨까요     아래 링크를 두드려 주시면 하나하나 꼼꼼하게 설명해 드릴게요   카카오주가  카카오주가  언택트관련주  언택트관련주  비대면관련주  비대면관련주  요즘뜨는종목  요즘뜨는종목  주식정보  주식정보  투자정보  투자정보  오름투자에셋  오름투자에셋",41,"pos"
"25",2021-05-07," 미래에셋증권  카카오           분기    모멘텀에 이어 실적 모멘텀 확인            기업 및 산업분석 카카오           분기    모멘텀에 이어 실적 모멘텀 확인 우버                리뷰       본격적인 회복 예상 하이브          외인 매수에 이유가 있다 전일 시장 요약 국내 코스피 코스닥                                 국내증시는 상승마감했습니다  양호한 미국 경제지표 영향으로 글로벌 경기회복 기대감이 지속되는 상황 속 급락했던 유럽 및 미국 증시의 반등에 투자심리가 회복되는 양상이었습니다  이 영향으로 전 거래일 급락에 대한 반발매수세가 유입되는 모습이었습니다  해외 다우 산업 나스닥 종합                                     상해 종합 니케이                                       미증시  대 지수 혼조세 마감하였습니다  옐런 재무장관과 연준 의장들이 현 통화기조에 대해 유지한다는 입장을 고수하며 미증시는 전일 급락에 따른 반발매수세가 유입되며 반등을 시도하는 모습을 보였습니다  환율 원 달러 중국 위안 달러                                상품 금                  은                                      유튜브  미래에셋증권   데일리브리핑   기업및산업분석   해외주식   전일시장요약   국내해외시장   환율   중국위안달러   전일대비국내시장   상품금은      미래에셋증권스마트머니     미래에셋증권  데일리브리핑  기업및산업분석  해외주식  전일시장요약  국내해외시장  환율  중국위안달러  전일대비국내시장  상품금은     미래에셋증권스마트머니  반발매수세유입   미증시 대지수혼조세마감   옐런재무장관  반발매수세유입  미증시 대지수혼조세마감  옐런재무장관",5,"pos"
"26",2020-12-16,"                                       월 이벤트  서집달에게 바라는 점 에 참여하시고 최종 선정된  명에게는     년  월에 진행하는 강의 수강권  회를 무료로 받으실 수 있습니다                                      카카오        는   일 신분증 자격증 증명서를 카카오톡에서 보관 관리할 수 있는  카카오톡 지갑 을 출시했다고 밝혔다 카카오톡 지갑은 카카오 인증서와 각종 자격 증명 신분증을 담아서 개인 신원확인과 인증  전자서명이 필요한 상황에 쓸 수 있는 서비스다                                                               ",13,"pos"
"27",2021-11-06," 분기 매출액은  조    억원으로 전년 대비        전분기 대비       증가하여 컨센서스를      상회했습니다  톡비즈의 성장 둔화에도 게임과 스토리 등 콘텐츠 매출이 고성장하며 전체 매출 전년 대비 성장률은  분기    에서 상승하였습니다  특히 게임에서 매출이 전분기 대비     억원 이상 증가하며 성장을 견인하였습니다  그러나  분기 게임 및 스토리 콘텐츠 관련 지급 수수료와 해외 진출 관련 마케팅 및 모빌리티 관련 인프라 비용 증가로 영업 이익은 전년 대비        전분기 대비      증가한     억원에 그쳐 컨센서스를       하회하였습니다  톡비즈 매출 성장률은  분기    에서  분기    로 다소 둔화되었습니다  이는 광고 비수기 비즈보드와 채널의 성장세가 다소 둔화된 가운데  이모티콘 플러스 무료 체험 행사로 매출 차감이 일부 있었기 때문입니다  커머스도 메이커스의 오프라인 관련 상품의 매출 감소가 발생하며 성장률이 둔화되었습니다  그러나  분기에는 광고 성수기 효과와 위드코로나에 따른 오프라인 활동 활성화로 톡비즈 성장률이 다시 강화될 전망입니다  국내 규제 이슈 이후 카카오는 해외 진출을 적극적으로 진행  새로운 성장 동력을 마련 중입니다  엔터테인먼트와 픽코마  게임즈를 중심으로 콘텐츠의 글로벌 확장을 본격화하는 한편  싱가폴에 설립한 크러스트를 중심으로 블록체인 기반 신사업을 구상 중입니다  특히  웹툰  웹소설  영상 콘텐츠는 이미 일본에서 검증된 콘텐츠와 비즈니스 모델 경쟁력을 기반으로 북미  유럽  동남아 시장을 본격적으로 공략할 예정입니다  연말까지 공격적인 마케팅이 예정되어 있는 만큼 내년부터는 사업 성과가 가시화될 전망입니다  오딘의 흥행으로  분기 전체 매출이 크게 증가하였습니다    월 오딘 개발사 라이언하트 스튜디오의 지분 추가 인수 결정으로 빠르면  분기부터 개발사 분의 영업이익이 카카오게임즈 및 카카오 연결 실적에 편입될 예정입니다  오딘 매출은  분기 하향안정화 되고 있으나  개발사 연결 편입 시 카카오게임즈의 연결 이익 증가로 카카오의 전체 영업이익도     억원 수준으로 큰 폭의 성장이 가능할 전망입니다  카카오 주가는 정부 규제가 강화되기 시작한  월 이후 크게 급락하였습니다  국정 감사를 앞두고 모빌리티  엔터  커머스 등 카카오 전 사업에 관해 규제 필요성이 제기되며 성장성에 대한 우려가 증가하였습니다  실제로 모빌리티와 엔터 등에서는 상생안을 발표하며 일부 수익모델을 조정하였으며  추가적인 상생안 발표도 계획 중입니다  이에 따라 카카오의 단기적인 이익 성장 속도는 다소 둔화될 전망입니다  그러나 국정 감사가 종료됨에 따라 카카오 규제 논의도 다소 수그러들 것으로 예상되고  상생안 발표에 따른 카카오 본업의 근원적 경쟁력의 훼손은 제한적인 만큼 카카오의 이익 성장성 역시 점진적으로 회복될 것으로 전망됩니다   카카오주가  카카오주가                ",49,"pos"
"28",2020-07-09,"기업개요     년  월   일에 주식회사 다음커뮤니케이션으로 설립되었으며     년   월  일 코스닥 상장함  그 후     년   월  일 주식회사 카카오와 합병하여     년   월   일 코스닥 시장에 상장한 종목으로 카카오톡을 포함한 다양한 모바일 서비스를 제공 중이며 광고  게임  뮤직  커머스    비즈니스 등의 다채로운 영역에서 수익을 창출하고 있음  사업내용 온라인 광고 부문 온라인 광고는 모바일과    나아가    를 비롯한 뉴미디어 플랫폼을 기반으로 진행되는 디지털 마케팅에 활용되는 광고 상품 뿐만 아니라 플랫폼을 통해 사용자와 비즈니스  비즈니스와 비즈니스를 연결하는 광고들을 총칭함    와 웹을 중심으로 성장을 시작한 온라인 광고의 태동기에는 사용자들의 검색어에 대응하는 연관 광고를 상위에 노출 시키는 검색 광고와 웹서비스 내의 주요 지면을 할애한 디스플레이광고를 주축으로 시장이 형성되었음  이후 디지털 기술 및 디바이스  인프라 환경의 발전과 이에 따른 사용자들의 미디어 소비 행태의 변화를 통해 다양한 상품 및 플랫폼의 형태로 발전하고 있음  온라인광고는 기존 광고매체 대비 정확한 마케팅 성과의 측정이 가능하고 효율적인 예산 분배가 용이한 장점이 있어서 대형 브랜드 광고주 뿐 아니라 중소형 사업자들 역시 다양한 목적을 가지고 광고를 집행할 수 있음  게임 부문 게임 산업은 대표적인 고위험 고수익 산업임  프로그램 개발에 소요되는 연구개발비는 높으나 완성된 게임에 대한 수요의 예측은 어렵다는 점에서 위험이 크다고 할 수 있음  반면 성공적으로 상용화될 경우 적은 추가비용으로 많은 사용자에게 확산될 수 있어 높은 수익 창출이 기대되고 캐릭터  영화 또는 애니메이션 등 여러 분야로 확장이 가능  게임산업은 온라인으로 연결된 통신 네트워크를 통해 다양한 유저들이 한 공간에서 행위하며 사용자로 하여금 끊임없는 호기심과 성취감을 유발시키는 가상의 오락 문화 공간을 제공하기 때문에 강한 오락성과 대중성을 가지고 있습니다  이러한 오락성과 대중성은 게임의 특징이 지니는 입체적인 상호 작용성에 기인하며  사회문화적 환경에 많은 영향을 받음  음악 콘텐츠 부문 음악 콘텐츠 산업은 음반  공연  작곡  저작권 관리  아티스트 매니지먼트  방송 광고 영화 등의 배경음악에 이르기까지 아티스트와 음원을 활용하여 가치를 창출하는 모든 산업을 지칭함  과거에는 음반이 음악 콘텐츠 산업의 대부분을 차지하였지만  디지털 기술의 발전으로 음원 단위의 유통이 활발해 지면서 현재는 음반 중심에서 음원 중심의 음악산업으로 변화하였음  음악상품의 경우 기획과 초기 제작 및 마케팅 활동에 소요되는 비용이 크지만 복제비용은 상대적으로 저렴하고 대량 소비가 될 경우 수익률이 매우 높은 특성을 가지고 있어 음반 음원 유통사의 경우 상대적으로 안정적인 수익구조를 가지고 있음  카카오페이증권 부문 금융투자업은 투자매매업  투자중개업  집합 투자업  투자일임업  투자자문업  신탁업을 기본업무로 하여 자금 공급부문인 투자자로부터 자금 수요부문인 기업에 자금을 연결해줌으로써 기업의 자금조달을 도와 국가 경제 발전에 기여 하는 직접금융의 주선기관인 동시에 투자자에게는 효율적인 투자기회의 제공이라는 역할을 수행하며 자본주의 경제체제의 핵심적 위치를 차지하고 있음  자본의 개방화  자유화  국제화의 추세 속에서 금융투자업은 자본시장을 이끌어가는 국가 경제의 주요 동력으로 확고한 위상을 확보했음  한편  금융투자업은 국가의 경제 상황은 물론 정치  사회  문화 등 경제 외적 변수에도 많은 영향을 받을 뿐 아니라 국제금융시장의 동향에도 민감하게 반응하는  다른 어느 산업보다도 글로벌화되고 종합적인 산업임  사업전망 온라인 광고 부문 한국방송광고진흥공사에 따르면     년 온라인 광고시장은 전년 대비       성장한    조 원 규모로 추정  특히  온라인 광고시장은   보다는 모바일 광고시장의 성장이 두드러지게 나타나고 있음  이러한 지속적인 성장은 미디어 환경의 변화에 기인하는 것으로 판단하고 있음  약    에 이르는 스마트폰 보급률은 모바일 광고라는 새로운 시장을 규모감 있게 만들어 내었으며 세계 최고 수준의 인터넷  통신 인프라 기반은 시장의 성장을 가속화 시키는 동력이 되어왔음  스마트폰의 보급과 무선통신 인프라의 발달을 통해 사용자들의 미디어 소비의 중심은    등 기존 매체에서 모바일 기기로 급격히 옮겨 갔으며  이에 따라 기존 매체에 집중되던 광고주 및 마케터들은 디지털 미디어에 더 많은 관심을 기울일 수밖에 없게 됨  모바일동영상       서비스  메시지        등을 통한 디지털 콘텐츠 소비가 활발해졌을 뿐 아니라 개인 크리에이터 중심의  인 미디어 역시 활성화되고 있어 디지털 마케팅 컨텐츠 역시 이에 발맞춰 변화하고 있음  이러한 마케팅 패러다임 변화는  더 많은 광고주 마케터 들이 다양한 목적을 가지고 온라인 광고시장에 참여하는 계기가 되고 있음  더불어 온라인광고의 최대 장점이었던 효율 성과 기반의 광고 관점에서도     머신러닝 등 플랫폼 기술의 진화를 통해 서비스 이용자들이 일방적으로 광고를 수용하는 것이 아니라 미디어에 대한 직간접적인 참여가 가능해져 사용자의 선택과 취향을 보다 명확하게 반영함으로써 성장을 거듭할 것으로 기대  게임 부문 대한민국 게임백서에 따르면     년 국내 게임 시장의 규모는     년 대비      성장한   조      억 원에 이를 것으로 예상     게임 시장과 모바일 게임 시장 모두 산업 규모가 성장할 것으로 기대되나  성장의 정도는 과거 대비 완만해질 것으로 보임  모바일게임 시장 규모는  조      억 원으로 전년 대비      성장할 것으로 전망하고 있음     게임 시장은  리그오브레전드    배틀그라운드  등의 기존 게임이 시장을 선점하고 있으며      년   게임 시장 규모는 약  조      억 원으로 전년 대비      성장할 것으로 전망하고 있음  음악 콘텐츠 부문     년 이후 음반산업 규모는 지속적으로 감소하고 있으나  디지털 음악산업은     년 음반산업의 규모를 추월한 이후 현재까지 지속적인 성장세를 이루며 국내 음악산업의 규모를 키우고 있음  여기에 더하여 스마트 스피커를 통해 인공지능과 음악의 융합이 더욱 밀접해지면서 음악 소비 경험을 다양한 형태로 확장 시킬 것으로 기대되어 향후 디지털 음악산업은 전체 음악산업의 중심으로서 음악산업의 재성장기를 선도할 것으로 예상되고 있음  카카오페이증권 부문 금융투자업은 낮은 진입장벽과 갈수록 낮아지고 있는 위탁 수수료율  거대자본 및 선진금융기법을 바탕으로 한 외국계 대형 금융투자업자의 진출 등으로 극심한 경쟁 상태에 놓여져 있으며  이에 각 금융투자업자는 정확한 투자정보 제공  고객 니즈에 맞는 다양한 상품의 개발  차별화된 금융서비스 제공 등으로 증권 시장에서의 경쟁력 확보를 위해 노력하고 있음  현재 금융투자업 내   와 금융의 결합 트렌드가 자리잡으면서 금융투자업계의 디지털화가 본격화되고 있으며  인공지능 자산관리  비대면 계좌 개설 가능  오픈 플랫폼 등 기존과는 다른 다양한 분야에서의 경쟁이 더욱더 심화 될 것으로 예상  매출현황 및 재무제표 계열회사 및 지분정보 이슈사항   카오의 일본 내 웹툰 관련 자회사인 카카오재팬 픽코마 은 올  월 들어 일본 모바일 애플리케이션 도서 카테고리 내 매출 순위에서 네이버 라인망가가 지키고 있던  위 자리를 세 차례나 뺏으며 본격적인  위 경쟁에 돌입    블록체인을 미래 핵심 기술로 정의하고  블록체인 사업을 담당하는 자회사인          등을 통해 다음 생태계의 기반이 될 것으로 예상되는 블록체인 기술을 연구하고 있음      년  월 블록체인 플랫폼  클레이튼 의 메인넷을 정식 출시한         는 전략적 파트너의 확보와 함께 자체적으로 제작하는 기획형 비앱의 런칭을 통해 풍부한 클레이튼 생태계를 구축할 계획이며  이를 바탕으로 실생활에 쓰일 수 있는 블록체인 기반의 서비스를 제공함으로써 사용자 기반을 확대해 나갈 것  이와 더불어      년   월 카카오는     영역에서의 행보를 본격화하고자 사내 독립기업인       을 현물 출자함으로써 신설법인 카카오엔터프라이즈를 설립  이를 통해 카카오엔터프라이즈는 신속하고 전문적인 의사결정이 가능한 조직 체계를 확립하였을 뿐아니라      검색 영역에 걸친 카카오의 집약된 기술력을 이어받아 새로운 비즈니스 기회를 모색할 수 있는 발판을 마련하였음  향후 카카오   플랫폼의 확산과 기술력을 기반으로 산업 분야 전반에 걸친  디지털 트랜스포메이션을 주도함으로써 엔터프라이즈 시장 내 영향력을 키워갈 예정   독립  독립주식  카카오          카카오뮤직  카카오게임  카카오뱅크  카카오톡  카카오증권  블록체인  독립  독립주식  카카오          카카오뮤직  카카오게임  카카오뱅크  카카오톡  카카오증권  블록체인",143,"pos"
"29",2020-12-31,"카카오는 국내 포털 사이트 다음과 메신저 카카오톡을 바탕으로 다양한 서비스를 제공하는 기업입니다  주로 메신저인 카카오톡 운영을 바탕으로 성장을 하였고 카카오톡을 중심으로 모바일 부분에서 다양한 사업을 하면서 시너지를 발휘해 수익을 창출하고 있는 기업입니다  서비스는 메신저  포털사이트 다음  커머스  모빌리티  핀테크 등 다양한 서비스를 하고 있으며 주로 우리의 생활에 가까운 부분에 위치한 서비스를 제공하며 이를 통해 이용자에게 편의를 제공하고 있습니다  자회사인 카카오페이가     년 상반기 카카오페이 증권을 선보이고 카카오게임즈는     년  월에 한국 증권거래소 코스닥에 상장을 했습니다  카카오는     년   월   일 올해 국내 마지막 주식 시장에서 전날대비      상승한        원에 거래 마감되었으며 상장 주식 수는           주 시가총액   조      억 원입니다    주 최저가는        원이며 최고가는        원입니다  카카오는   월   일부터   일까지   일 하루를 빼고 외국인이 주식을 매입하고 있으며 해외 유명 투자 기관이 제이피모간에서도 매입을 하고 있는 모습을 보여주며 또 한 국내 기관에서도 매입을 하고 있는 상황입니다  카카오는     년   대 그룹 시가총액에서        의 뛰어나 성장률을 바탕으로 포스코  롯데    를 이기고  위에 이루었습니다  카카오는 국내외 할 것 없이   개의 많은 자회사를 두고 있습니다  그중 대표되는 자회사는 카카오 뱅크  카카오 페이  카카오 게임즈  카카오 모빌리티  카카오   등이 있으며 그중 카카오 뱅크는     년 상장을 기대하는 회사이기도 합니다  현제 카카오뱅크는  조 원 유상증자와 함께 자분 가치를 상승시키며 현제 기업 가치가  조     억 원으로 열심히 국내 증권거래소에 상장시키기 위해 노력을 하고 있으며 그 외에도 현제 비상장 거래소 즉 장외거래소에서 크래프트 배틀그라운드 회사  외에 다음으로 인기 받고 있는 회사 중 하나입니다  이미 카카오는 카카오게임즈 카카오  개의 주식이 국내 거래소에 상장해 있는 것과 또 카카오뱅크 또 한 새롭게   년 상장을 준비하는 모습을 활발히 보여주며 기대감이 큰 회사라고 생각 듭니다  시가 총액으로는 비교 종목인 네이버에 비해 떨어지는 모습을 보여주지만 상장 주식 수의 차이가 있기에 언젠가는 네이버를 잡을 수 있을 거라는 생각을 해보기도 하며 혹은 네이버와 비슷하게 시총을 만들 수 있을 거라고 생각합니다  그 외에 카카오는 한 가지에만 멈춰있는 회사가 아니라 시대가 변하는 모습에 가장 빠르게 반응하며 성장하는 회사로 엄청나게 성장해 왔습니다  당연히 앞으로의 시대의 변화에도 가장 발 빠르게 변화하는 회사로 생각이 들며 장기간 많은 기대가 되는 회사입니다 ",57,"pos"
"30",2021-04-23,"카카오                 년 일정 내용  월   일 액면분할 상장        월    월 계열사 상장 기업공개  일정   카카오뱅크 상장  카카오지분              월   일   예비심사 청구서 제출    월 예상   예비심사 결과   하반기  월 예상    코스피 상장   카카오페이 상장  카카오 지분             월 내   예비심사 청구서 제출 예정      월   예비심사 결과   하반기  월 예상    코스피 상장   두나무 업비트  나스닥 상장  카카오지분                 뉴욕증권거래소  상장 추진을 위해 글로벌 투자사와 미팅을 진행 중                                                                   년 이내에   카카오 커머스  카카오 엔터프라이즈 기업공개 목표 주요 뉴스 연중행사 투자 전략 카카오   네이버 보다 더 갈것으로 예상   이어지는 계열사 상장 추진   영업이익   매출액 실적 떨어질 이유 없고  상승할 이유밖에 없다  중장기 투자용   개인적인 생각으로 삼성전자보다 카카오를 적금넣는다 생각하고 매달    주씩 구입해두는 전략     년  월   일 기준 차트   랠리는 이제 시작  재테크  카카오          재테크  카카오        ",18,"pos"
"31",2021-03-23,"페이지와   합병으로 엔터테인먼트 탄생 카카오페이지   일 공시를 통해 카카오 을 합병하기로 발힘 카카오페이지와 카카오 의 기업 가치는      으로 평가되엇으며  카카오 페이지가 카카오 을 주식 교환으로 흡수 합병하는 방식  합병법인은 카카오 엔터테인먼트로 이름을 변경할 예정이며 양사는 주총 승인을 거쳐  월  일 합병을 오나료할 계획 콘텐츠 시장 수직 계열화 시너지 합병의 목적은 웹소설 연상으로 이어지는    밸류체인을 통합하여 시너지를 높이고 이를 바탕으로 글로벌   플렛폼 네트워크를 강화하는데 있음  웹툰과 웹소설 기반 드라마  영화 등 영상 콘텐츠 제작과 흥행이 증가하는 가운데    개발과 영상 제작으로 구분되어 있던 양사를 합병하여   활용성이 극대화될 전망 글로벌 진출 본격화 기대 카카오는 일본 픽코마의 성공을 바탕으로 미국과 중국에서도 콘텐츠 사업을 본격적으로 확대할 계획  미국에서는 최대 주주로 등극한 타파스를 거점으로 페이지의 콘텐츠 공급을 늘리고  중국에서 텐센트와   를 설립하여 콘텐츠 사업을 진행할 예정  카카오  합병으로 기존 웹툰 중심의 글로벌 콘텐츠 플랫폼이   기반 영상 콘텐츠 공급 채널로 역할 확대가 예상됨 카카오 엔터테인먼트의 기업 가치는  조원   년 기준 카카오 페이지와 카카오 의 매출액은 각각      억과      억원 수준   년 양사의  바산 매출은      억원 수준으로 증가할 것으로 예상되며  영상 부문에서 시너지 발생 시 추가적인 매출 성장도 간능할 전망",30,"pos"
"32",2020-04-17,"  현재가          원          목표가          원       유지    큰 그림 확인이 기대되는  분기 실적 발표 코로나  로  분기 실적과  분기 가이던스는 예상치 하회 전망  월 중순부터 시작된 우리 경제에 대한 코로나   악영향이 카카오 실적에도 미치고 있다  내수 기업  중소자영업자 등의 영업 환경이 악화되면서 전체 광고 집행 규모가 위축되었으며  외부 이동 제한과 재택 근무 등의 영향으로 대리운전  택시 호출 등의 카카오 모빌리티 신사업 매출에 타격을 주고 있다   분기 매출액과 영업이익은 전년대비 각각           증가한      억원과    억원으로예상된다  당사 기존 전망치나 시장 컨센서스 현재 영업이익    억원 에는 하회할 전망이다   월 이후에도 회복되지 않고 있는 소비 심리의 영향으로  분기 광고 등의 가이던스도 보수적인 분위기가 예상된다  자회사들의 의미 있는     년 감사보고서 발표된 카카오 자회사의     년 감사보고서에 주목하고 있다  동사 가치 평가에는 이러한 비상장 자회사들의 신규 사업 성과가 중요한 변수이나 비상장 기업들은 이러한 공개적인 정보 공개가 제한되기 때문이다      년 매출액 기준 카카오커머스는 전년대비         카카오 모빌리티는      카카오페이는       그리고 카카오뱅크는     증가하며 가파른 외형 성장세를 이어갔다  카카오뱅크의 흑자 전환  카카오페이지의 영업이익률 확대         등 자회사들의 수익성 개선도 동시에 관찰되고 있다      년  분기 동안에도 카카오페이 금융상품 판매 급증  벤티 택시 등 새로운 모빌리티 비즈니스  그리고 송금수수료 감소 등의 긍정적인 변수들이 이러한 자회사들에서 있었을 것으로 기대된다  코로나 이후의 비대면 시대 주인공  매수와 목표주가     만원 유지 최근 광고 시장 위축세를 감안하여     년 매출액과 영업이익 전망치를 이전보다 각각             하향 조정하였다  실적 전망치 조정 속에서 목표주가는     만원을 유지하는데  분기 실적 발표에서나 상반기에 신사업 관련 긍정적인 변수 확인으로 하반기 이후 매출 전망치를 상향할 가능성을 염두에 두고 있기 때문이다  카카오페이지  카카오뱅크 등 자회사의     년이나     년     계획 역시 여전히 유효한 장기 주가 모멘텀으로 판단된다  카카오는 전자상거래  톡비즈 광고 상품  금융 플랫폼  웹툰  음악 등 콘텐츠  차량 호출 등의 모빌리티 등 비대면 인터넷 산업 성장을 선도하고 있다  포스트 코로나 시대에는 이런 언텍트 비즈니스가 더욱 보편화되고 정부 규제 완화 가능성도 높아지면서 동사의 실적 모멘텀이 기대되고 있다 ",27,"pos"
"33",2021-03-01,"카카오         주가 전망을 공유드립니다    최근    개월  한경컨센선스 리포트 참조   현재주가                   원         일   평균가격          원          원    애널리스트 평균  상승여력         최고가     만원      일 하이투자증권    최저가     만원      일 교보증권 ",2,"pos"
"34",2021-10-25," 평택촌놈의 종목분석   카카오           카카오 지난주부터 미국이 본격적인  실적 시즌에 돌입했다  우리나라 기업들도 미국 기업의 실적 발표와 맞물려 움직임이 나왔다   넷플릭스 의 호실적이 나온 뒤 미디어 콘텐츠 관련 기업들의 주가가 상승했고   테슬라 가 실적 발표를 하면서 배터리 정책을 바꾼다고 밝히고 난 뒤   차전지 관련주들의 변동성이 커지곤 했다  현지시간으로 월요일 장 마감이후  페이스북 실적이  화요일 장 마감이후  마이크로소프트    구글           트위터 의 실적 발표가 예정되어 있다  그리고  애플 과  아마존 은 목요일 장 마감이후에 실적 발표가 있다   실적  넷플릭스  테슬라   차전지  페이스북  마이크로소프트  구글       트위터  애플  아마존 제롬  파월 미국 연방 준비제도        의장이 높은  인플레이션 이 내년까지 지속될 것으로 발언하면서  테이퍼링 축소를 예고했다  이 여파에 대형  빅테크  기술주 들의 낙폭이 컸는데 우리나라 증시도 대형 기술주들이 영향을 받을 가능성이 높다  오늘은 그런 관점에서  성장주 의 대표 종목인 카카오를 살펴보려고 한다   파월  인플레이션  테이퍼링  빅테크  기술주  성장주 카카오는 상당수 독자에게 친숙한 카카오톡 메신저로 널리 알려져 있다  카카오는 지난 봄 액면 분할 이후 주가의 탄력이 좋은 흐름이 나왔다  최근 문어발 식 회사 확장에 대한 우려와 정부의 규제 리스크 등으로 주가가 하락한 영향이 있으나 현재 가격대는 충분히 접근 가능하다고 생각한다  우리 시간으로   월   일과   일 카카오가 지분을 상당수 보유한  카카오페이 가 일반  공모  청약 에 나서는데 역대 최고 수준의 흥행이 전망되는 바이다   카카오페이  공모  청약 카카오는 카카오페이 이외에도 인터넷 은행인 카카오뱅크  게임 플랫폼 카카오게임즈  웹 소설 플랫폼 카카오페이지  지분 투자를 한 가상화폐 거래소   두나무    암호화페 관련 그라운드엑스가 진행하는 클레이튼   메타버스 관련 산업까지 네트워크를 주제로 한 다양한 신사업을 영위하고 있다  앞서도 언급했지만 자회사들의 성장은 지분을 보유한 대표회사인 카카오의 수익성 확대로 이어지기 때문에 이번 주 예정된 카카오페이의 상장이 성공을 거둘 경우 동사의 주가 흐름은 단기 반등을 기대할 수 있겠다   메타버스 글    정오영  정오영  주 평택촌놈 대표  주요 이력     동아일보  동아일보 연재    한국경제    한국경제   전속 애널리스트              뉴스후    라디오 뉴스터치    경제매거진  스페셜         수첩             라디오     미디어비평  이데일리        등 출연  신문사 및 잡지사 인터뷰  조선일보  레이디경향 외 다수     평택대학교  평택대학교 초빙교수    평택촌놈 대표이사  홈페이지  홈페이지                한글주소    평택촌놈  평택촌놈   전화               이메일  이메일                ",30,"pos"
"35",2021-06-23,"최근      와 카카오의 주가 상승세 가 무섭다   월   일 오늘 하루      는        카카오는     가 올랐다  두 기업은 시총 몇조짜리의 작은 기업이 아니라       는   조  카카오는   조의 공룡 기업들이다   아 이제부터는       와 카카오 가 아니라  카카오와       라고 해야 될 것 같다  자본주의 사회니  시총 큰 기업을 먼저 앞에 언급하여야 한다   시총 전쟁의 시작은 바로 카카오였다   월말부터 주가가 급등하더니  얼마전에는      의 시총을 추월한 것이다  마치 경쟁이라도 하듯이 하듯이      도 주가 상승에 동참하였다  그렇다면  최근      와 카카오의 주가 급등 배경은 무엇일까        와 카카오  도대체 왜 오르니   카카오의 주가 급등 배경은 크게  가지 이다  첫번째는 가파른 실적 증가세 이다  매년 매출액이     이상 고성장하고 있으며  영업이익율은     년           년 예상치     의 슈퍼 고성장을 이어가고 있는 것이다  카카오가 가지고 있었던 다양한 플랫폼들이 이제 본격적으로 수익을 내는 단계에 진입하는 것이다  카카오톡은 무료지만  카카오톡의 유료 선물 기능에 나도 모르게 손이 움직이게 된 것이다  두번째는 주요 자회사의     기업공개  이다  카카오페이  카카오뱅크 등 알짜 자회사들이 하반기에 상장하게 되면  그 몫은 고스란히 카카오 주가 상승의 강력한 기반이 될 것이다  그렇다면       의 주가 상승 배경은 무엇일까  물론  관련 네이버페이  웹툰 등 관련 산업의 성장이 원인이었겠지만  시장의 의견은 카카오 주가 급등 키 맞추기 란 의견이 더 많다  네이버의 매출  영업이익 증가율이 카카오에 비하여 낮은 것을 보면  그 의견에 힘이 실린 수 밖에 없다        와 카카오  도대체 뭘 투자해야 하나   그렇다면  향후 두 기업의 전망은 어떨까  그리고 이 두 기업 중  어느 기업에 더 투자를 해야 할까  우선  카카오 주가 강세를 예측하는 의견이 많다  현재 카카오의 주가 상승의 소재들이 여전히 유효하며  절정으로 무르익어가고 있는 단계이기 때문이다  그렇지만  단기 급등에 따른 차익실현 및 밸류에이션 부담 또한 존재한다  더 갈 것 같은데  뭔가 단기 조정이 있을 것 같은 분위기도 있는 것이다  그렇다면      는 어떨까  비록 최근 주가 상승률은 카카오에 못 미치지만       의 반격도 만만치 않을 것이란 전망 이다       의 장점인 클라우드  웹툰  제페토 메타버스  산업이 지속적으로 성장 중이며  단기 악재였던 직원 갑질 논란  단기 마케팅 비용  직원들의 주식보상비용 등이 결국 사라지게 된다면  시장 점유  위 기업에 관심을 안가질 수가 없기 때문이다  산업 측면을 보더라도  이들    거대 플랫폼 기업의 시장지배력은 더 견고해지고  매출은 더 성장 할 것이다  미국의 사례를 보더라도  나스닥 시총 상위 기업들은 애플  마이크로소프트  구글  아마존과 같은    플랫폼 혁신 기업 들이기 때문이다       와 카카오  둘 중 뭘 골라야할지 모를 때     가 완벽한 대안이다     를 통해서 그 산업 전체에 투자 하면 되기 때문이다         카카오 비중이 높은            미디어 엔터테인먼트                        인터넷   뉴딜             첫번째    는 바로       미디어 엔터테인민먼트         이다     규모는 약    억이며  국내 게임 소프트웨어에 투자하는    이다        카카오 비중은 약     이지만   년  월   일 기준    엔씨소프트  넷마블  펄어비스 등 게임주가 약      그리고 하이브  스튜디오드래곤 등 미디어 기업  그리고 제일기획도 포함 이 되어 있다        카카오 외 기업들의 섹터가 다양한 것이 장점이자  단점 이다  두번째    는            인터넷   뉴딜         이다      규모는 약    억이며  국내 인터넷 관련 기업 상위      에 투자한다          뉴딜    들의 특징은  상위     기업에 각    씩 집중 투자하고 있다는 점이다        카카오 비중은 약       로 절반이 넘는다   년  월   일 기준   그렇지만       종목인 더존비즈온의 비중이 무려    이다  더존비즈온의 시총이    조원인 것을 감안하면  비중이 지나치게 높다   최근 더존비즈온이 교육산업 분야에서 쓴맛을 맛보며 최근  년 간 고점 대비 약     주가가 하락한 점을 고려하면 다소 우려가 있는 것은 사실이다  아무래도      기업에 각    씩 편입하는 방법론 때문에       와 카카오 대비 시총이 훨씬 작은      기업을 그만큼 가져갈 수 밖에 없었을 것이다   차전지 처럼      가 균형잡힌 산업이 아니면   화학  삼성       이노   이러한      집중 방법론은 다소 위험성이 있다  그래도        카카오 비중이    로 가장 높다는 것은 변함없는 사실이다  자 이제  결론이 나왔다  위  개     모두        카카오 비중이 약 절반인    로 높기 때문에     게임 미디어 등 에 함께 투자하고 싶다면       미디어 엔터테인먼트를      순수 인터넷 산업군   개 기업에 투자하고 싶다면           인터넷   뉴딜         을 추천하다   물론  게임 미디어가 싫다면      를  더존비즈온이 싫다면       투자하는 것은 안비밀    유의  본 컨텐츠는 특정    를 추천하는 목적이 아니며  투자의 판단은 전적으로 투자자 본인의 몫입니다   네이버         카카오                       이티에프         코덱스         타이거  투자       미디어 엔터테인먼트  코덱스미디어 엔터테인먼트          인터넷  뉴딜       소프트웨어  타이거   인터넷  뉴딜  타이거소프트웨어  네이버     카카오     투자  연금  퇴직연금  개인연금                미디어엔터테인먼트  코덱스미디어엔터테인먼트  네이버카카오          카카오     네이버         카카오                       이티에프         코덱스         타이거  투자       미디어  코덱스미디어          인터넷        소프트웨어  타이거   인터넷   타이거소프트웨어  네이버     카카오     투자  연금  퇴직연금  개인연금                미디어엔터테인먼트  코덱스미디어엔터테인먼트  네이버카카오          카카오   ",75,"pos"
"36",2021-07-05,"카카오뱅크와 카카오페이등의 상장 일정이 코앞으로 다가왔습니다  지주사인 카카오의 향후 주가 방향은 어떨지 알아보도록 하자  주가 단기 향방은 카카오뱅크 및 카카오페이 상장 후 주가 향방에 따라 결정될 것으로 보고 있다  카카오 올해 상반기 주가 급등은  월로 예정되어 있었던 페이 및 뱅크    에 대한 기대감 선반영 부분이 컸다고 볼 수 있다  카카오 주가는 뱅크 및 페이 주가가 상장 후 공모가 대비 크게 상승하는 등 열풍이 이어진다면 상승모멘텀이 더 이어 지고  공모가와 비슷한 수준 또는 그 보다 다소 높거나 낮은 수준으로 형성된다면 단기로는 재료소진 측면의 숨고르기에 돌입할 가능성이 있다  카카오뱅크  카카오페이 희망공모가      는 상장 후 기준 각각 시총     조원         억원        조원        억원  및    조원       억원        조원        억원 인데 이는 밸류에이션 가치 뱅크  페이 각각 상장 전 주식수 기준   조원    조원  대비 각각          정도 수준이나 공모가 기준으로는 적정한 수준 이라 판단한다   월 뱅크  페이 상장 후 주가 향방에 따라 카카오 주가가 단기 숨고르기에 돌입 한다 해도 그 기간은 그리 길지 않을 가능성이 있다  연말 카카오페이증권의     서비스 론칭이라는 또 하나의 강력한 모멘텀이 대기하고 있기 때문이다  카카오페이증권의     서비스는 현행 카카오페이 서비스처럼 별도 앱 방식 서비스와 카카오톡 인앱 방식 서비스  카카오톡에서     앱 연결 를 동시에 구현할 가능성도 있다고 판단한다  카카오 생태계를 활용한 증권 서비스가 시장에 어떤 반향을 불러일으킬지도 자못 궁금한 부분이기도하다  카카오모빌리티  카카오엔터테인먼트  카카오재팬 등도     계획이 있거나 준비 중인데 내년 이후 하나씩    를 진행할 예정이다 ",28,"pos"
"37",2021-10-20,"매출액    조원          영업이익      억원          영업이익률       전망 최근 주가 급락 원인이었던 카카오페이의 온라인 금융상품 중계 금지와 관련해서 중단된 서비스     투자  보험상품 비교추천 가     년 반기 기준 카카오페이 전체 매출액 중     에 불과하여 카카오페이 성장률에 미치는 영향은 제한적일것으로 판단 매출 비중이 가장 높은 대출상품비교판매     는     년  월  일 대출성 상품 대리중개업 등록을 완료하여 향후에도 판매가 가능하게 되었고  펀드상품 중계판매     도 카카오페이증권이 판매하고 카카오페이가 판매하는 것이 아님을 명시하는       를 변경함으로서 판매가 가능하게 되어 향후 금융플랫폼으로서의 매출 및 밸류를 인정받을 수 있게 되었음 최근 플랫폼 규제 이슈로 주가가 과도한 하락을 하여 목표주가와 현주가의 괴리율이 투자의견 상향이 가능한     이상이 되었으며  규제로 인한 더 이상의 기업가치 하락은 제한적일 것 으로 판단",-1,"neg"
"38",2021-06-21," 카카오          네이버          한국플랫폼기업  메타버스플랫폼  네이버제트  제페토  카카오시총  네이버시총  카카오자회사상장     카카오항공권예매  카카오손해보험  카카오 안녕하세요  오늘은 연일 뜨거운 카카오와 네이버의 기업에 대해 알려드리고자 합니다  물론 관심이 많은 두 종목이어서 다들 잘 알고 계시리라 보는데요  무섭게 질주하는 카카오가 드디어 저번 주 네이버를 제치고 시총  위로 우뚝 올라섰지요  수익률이 좋으신 분들이 많으실 줄 압니다  저도 중간에 들어가긴 했는데 수익률이      이상 되어서 깜짝 놀랐습니다  이렇게 빨리 치고 올라올 줄 몰랐는데 말이죠  하여튼 카카오가 어떤 면에서 무섭게 치고 올라오는지 기사들이 많이 나오고 리포트도 많은데요  정리해서 알려드리면 다음과 같습니다  한국의 플랫폼 기업 탑은 네이버        였는데요   카카오        의 분발로 인해 현재는 카카오가 네이버를 제치고 올라왔습니다  카카오는 반년 사이에 주가가 두 배 가까이 올랐고  네이버 역시     이상의 주가가 올라 분발하고 있습니다  카카오 시가총액은   조    억 원  월  일 에서   조     억 원  월   일 으로      나 크게 불었습니다  올해 초만 해도 카카오의 시총은 네이버보다 약   조 원 적었으나 반년이 채 안 돼 시총 순위가 역전되었습니다  반면 네이버 주가는 올해 초   월  일    만     원에서   만     원  월   일 으로   조 원 이상 불어났습니다  카카오와 네이버 주가 상승은 반년 사이 코스피가        상승한 것과 비교하면 눈에 띄는 상승률이죠   카카오         는 향후 카카오뱅크나 카카오 페이지 등 자회사의 대규모 기업공개     도 예정되어 있어 카카오의 보유 지분 가치가 부각되고 있습니다    증권은 카카오가 높은 성장세를 보이고 있다며 이번 주 추천 종목으로 제시하는데요  카카오의  분기 매출액은 전년 동기 대비        증가한  조     억 원  영업이익은 전년대비       증가한     억 원을 기록해 시장 기대치를 상회할 것이란 분석입니다  카카오 자회사    에 대한 기대감으로 카카오 주가는 상승세를 시현했다고 평가하고 있네요                 는   대한통운        과 손을 잡고 물류 인프라를 확대하며 이커머스 시장에 공격적으로 뛰어들며 시장 지배력을 확대하고 있습니다  하나금융투자는 네이버가 공격적인 쇼핑 부분 확대 전략을 통해 광고 매출 상승에 주목할 필요가 있다고 합니다  야후재팬과 라인 합병을 통한 시너지 기대감도 투자 시메 긍정적으로 작용할 것이라는 전망도 있습니다    카카오의 주가 급등은 카카오톡을 중심으로 추진하는 광고  커머스  유료 콘텐츠  금융 등 서비스 확장 가능성이 높아서입니다  카카오 손해보험은 금융위원회로부터 보험업 영업 예비허가를 받아 이르면 연내 출범할 수 있다  아직 자동차보험은 아니라고 하던데요   자동차보험도 가능하면 전 가입할 요량이 있습니다  주주로서 도움도 되고  또 가격도 다른 회사보다는 경쟁력 있게 나올 것 같아요  거의 대부분이 카톡을 이용하니까 고객이 국민 대다수고  박리다매로 판매해도 이익률이 어마할 것 같네요  다양한 영역으로 확장하는 카카오의 성장세가 주가 상승의 원인으로 꼽힌다고 합니다  이제 항공권도 카카오에서 예매할 수 있다고 합니다  잘하면 카카오 항공도 나올 수도 있겠습니다     기업이 돈이 많으면 항공사도 갖고 싶다고 하던데    돈을 잘 버니 혹시 모르지 않나요  노란 비행기에 좌석마다 카카오 프렌즈 캐릭터 있는  상상만 해도 입가에 미소가 그려집니다  그럼 난 라이언 자리에 앉아갈까 보다       반년 사이에 폭등한 카카오와 네이버에 대한 고평가라는 우려도 나옵니다  카카오는 이미 증권사가 제시한 평균 목표주가가   만     원을 뛰어넘은 상태입니다  카카오의   일 종가는   만     원입니다  김현용 현대차증권 연구원은 위와 같이 보고 있습니다  네이버의 증권사 평균 목표주가는   만     원입니다  목표 대비 상승 여력은 남아 있습니다  황형준    금융 투자 연구원은 네이버에 대해 위와 같이 긍정적 시각을 유지했습니다  여러분 어떠신가요  어떤 회사가 더 마음에 드시나요  오늘은 여기까지입니다  여러분의 투자생활에 도움이 되시길 바랍니다  오늘도 행복한 하루 보내세요    ",85,"pos"
"39",2021-01-18,"양질의 성장이 계속 되는 곳  카카오            금융   황현준    기대치 부합 예상  분기 매출액 영업이익은    조원               억원         으로 컨센서스  매출액    조원  영업이익      억원 에 부합하는 수준이 예상 톡비즈보드   월 일평균 매출   억원 돌파  연말 효과 등에 따른 커머스 페이 거래액 확대  택시 매출 증가에 따른 모빌리티 호조 등에 힘입어 플랫폼 부문 성장이 지속  콘텐츠 부문은 페이지 픽코마가  분기에도 매출 증가를 견인했을 것으로 예상 이에 따른 외형 성장에 힘입어 비용단에서 마케팅비가     억원          으로 크게 늘었음에도 불구하고 수익성 개선이 이어질 것으로 전망      년에도 이어지는 양질의 성장   년에도 양질의 성장이 지속될 가능성이 높다고 판단된다   와  의 확대가 예상되는 톡비즈보드                 로         차별화를 지향하는 커머스  거래액 증가 전망 더불어 사업모델 다변화 중인 페이  글로벌 시장에서 지속 선전 중인 유료 콘텐츠  수익성이 개선되고 있는 모빌리티 등에 힘입어   년 매출액 영업이익은 전년대비           증가하며 고성장세를 이어갈 것으로 예상 이와 더불어 페이 등 주요 자회사    도 올해 관전포인트    목표주가 상향   년 동사 주가는 괄목할 실적 성장  언택트 프리미엄  자회사     기대감 등으로      상승 올해에도 실적 개선 및 보유 지분 가치 상승 스토리가 지속 유효함에 따라 주가의 우상향 추세는 이어질 수 있을 것으로 판단 이에 따라 투자의견    를 유지하고 목표주가는 산정 기준 매출액을   년 예상치로 변경하여   만원으로 상향  주요     들도 양질의 성장국 간에서 밸류에이션이 높게 적용된 점을 지속 반영하여     들의 성장기 평균      배를 유지",42,"pos"
"40",2021-01-21,"                                      카카오의 목적사업은 카카오톡을 중심으로한 모바일 생태계 안에서 다양한 사업부문들이 시너지를 발휘하며 수익을 창출하고 있다  메신저  포털  커머스  모빌리티  테크핀 등 다양한 생활 밀착형 플랫폼 서비스를 통해 이용자에게 새로운 편익을 제공한다   년간 주가변동이다  최저가는     년   월  일       원이고 최고가는     년  월  일        원으로    배가 급등하였고 현재        원은 최고가 대비   가 하락한 가격이다   년 개월간의 재무성과다  누적순이익      억원에 현금흑자      억원을 기록하고 있다  유상증자로 조달한 현금  조    억원으로  조   억원의 현금을 보유하고 있다  영업활동현금흐름은  조    억원이 플러스이나 고정자산을    억원 축소하여 현금흐름은  조    억원이 플러스다   년 개월 목적사업의 수익률과 매출원천자산의 현금 사이클이다  평균 목적사업의 수익률은      이고 매출원천자산의 현금 사이클은   일로 리스크가 없다   년 개월 연결재무제표이다  누적순이익      억원에 매출원천자산과 고정자산이 증가하여 목적사업 포지션은    억원의 현금흑자를 기록하고 있다  비목적사업 포지션은 유상증자로 조달한 현금  조    억원으로 무형자산  비목적사업자산과 관계사에 투자하여 현금흐름은 마이너스      억원이다  따라서 사업활동현금흐름은 마이너스     억원이다  현금자산으로  조    억원을 늘려 재무상태는  조    억원이 악화되었다  본질가치와 기업가격의  년 동안의 변동이다  본질가치는       원에서       원으로     배가 증가하였으나 기업가격은       원에서        원으로    배가 급등하였다           시가총액   조    억원으로 평가한 시장등급    는      이지만   년 실증신용등급   는      로 투자부적격으로 나타나고 있다  카카오는 네이버금융 검색 상위에 랭크되어있다 ",26,"pos"
"41",2021-06-16,"종목이름 카카오 종목코드        종목분류 코스피",0,"neu"
"42",2021-04-15,"   투자증권        은 카카오        에 대해 지그재그 인수로 카카오커머스와의 시너지 효과가 예상된다고   일 분석했다  투자의견은  매수   목표주가는   만원으로 상향 조정했다  전날 카카오는  카카오스타일 을 운영하는 카카오커머스의 스타일사업부문을 인적분할해 기술 기반 패션 플랫폼  지그재그 를 운영하는 크로키닷컴 대표 서정훈 과 합병한다고 밝혔다  김진구    투자증권 연구원은  지그재그 인수에 따른 연계 시너지 효과를 감안해서 카카오커머스 기업가치를   조원으로 기존 대비  조원으로 상향 제시한다 고 말했다  그는 이어  카카오 이용자 플랫폼 파워와 인공지능     빅데이터 기반 추천 알고리즘 강화  지그재그 통합 결제와 풀필먼트 솔루션 내재화를 구체적인 시너지효과로 제시한다 면서  이는 카카오커머스 사업 비즈니스모델에도 선순환 효과를 가져올 것으로 기대한다 고 설명했다  김 연구원은   카카오가 지분을 보유한  두나무 업비트 거래액이   조원으로 급증했는데  수수료율과 영업이익률을 적용하면 연간 지분법이익이     억원 이상 증가할 것으로 예상된다 고 덧붙였다 ",14,"pos"
"43",2021-04-12,"카카오페이는 국내 핀테크의 역사       년 카카오페이의 디지털 손보사 라이선스 취득 결정되면 국내 최초로 핀테크가 주도하는 손보사   카카오페이증권이 일상 속에서 소액투자하는 문화 만들었듯이 카카오페이 디지털 손보사도   적은 금액으로 필요한 보장받을 수 있는 보험 상품 선보일 것  자동차보험 진출 가능성 높아     년 카카오페이 실적보고서       년 카카오페이 영업수익은      억원               영업손실은    억원으로 적자폭 축소   현재 핀테크 기업들의 매출액은 결제수수료가 대부분  카카오페이 결제 증가했으나 아직 송금 비중 높아       년 카카오페이 영업수익은      억원              영업이익은 턴어라운드 기대   카카오페이증권의     출시  카카오 보험 설립으로 포트폴리오 다변화 카카오페이      올해 가장 기대되는 이벤트       년 하반기 카카오페이 기업공개 구체화 가능성  공모 자금에 기반한 금융 사업 확장   현재 카카오페이 기업가치는   조원 안팎  마이데이터와 금융업 본격화로           될 것   적정주가상향은카카오페이가치상향과카카오엔터프라이즈가치신규반영에기인       년주요자회사들의가치재평가지속  카카오페이와카카오뱅크기업공개예정   카카오페이는 분기증권상장예비심사청구서제출이후 분기기업공개전망   또한카카오톡플랫폼의가치를현실화하는작업필요  카카오톡이용자 네트워크등의 무형의가치",19,"pos"
"44",2021-06-21,"  증권사리포트 하나금융투자   카카오         카카오는  년간 분기 평년 전년 대비 매출 성장률이      에 기록할 정도로 공격적인 성장을 지속하였고  구체적으로는 플랫폼 광고 커머스 중심의 톡 비즈는      핵심 컨텐츠인 웹툰은       성장하였습니다  기존 서비스뿐만 아니라 은행  증권  간편결제 등 금융과 모빌리티 부문의 턴어라운드가 예상되고 있으며 카카오엔터테인먼트도 다양한 컨텐츠를 제작 유통하며 성장하고 있고  지속되고 있는 생태계 확장과 각 비즈니스별 카카오의 시장경쟁력을 고려할 때 추가적인 가치 상승예상되는 기업입니다  카카오를 보유중이신 회원님이나 관심있는 시장의 이슈나 재료를 잘 체크하시길 바랍니다  보유종목은 스스로가 시장의 이슈와 뉴스를 잘 체크하셔야 성공적인 투자를 하실 수 있습니다      아래 링크를 클릭하시면 무료카톡방에 참여 하실 수 있습니다  리포트 주요 내용   주력서비스의 성장에 전방위적인 생태계 확장까지 카카오의 단기실적 성장과 더불어 가시적으로 확인되고 있는 빠른 생태계 확장이시장의주목을받고있다 실적부문에서최근 년간분기평균전년 대비 매출 성장률이     를기록할 정도로 공격적인 성장을 지속하고있으며  구체적으로 플랫폼 광고 커머스 중심의 톡비즈는      핵심 컨텐츠인 웹툰은     성장해왔다 기존 서비스뿐만 아니라 은행 증 권 간편결제등금융과모빌리티부문의턴어라운드가예상되고있고  카카오엔터테인먼트도다양한컨텐츠를제작유통하며성장하고있다 현재 지속되고 있는 생태계확장및 각 비즈니스별 시장규모와 예상되는 카카오의 시장경쟁력을고려할때 지속적인실적 개선이기대된다는점에서추가적인 가치상승이 가능할 것으로 전망    하반기 다양한 모멘텀이 추가적인 주가상승을 견인할 것 카카오페이증권의     도입에따 른 펀더멘털 개선이 기대된다    만이상 의 위탁계좌를 확보하고 있으며 카카오톡기반의 마케팅이 더해진다면 빠 른수익성확보가예상되며 성장에 대한 기대치도 적지않은 만큼 투자심리 개선에 강한 모멘텀이될 전망이다  커머스부문재합병도 긍정적이다 격화되고 있는모 바일커머스 시장에 대응하기위한 전략으로 풀이되며  카카오톡플랫폼과 분리해생각할 수없는 밀접한 비즈니스인만큼 시너지효과도 분명히있을것으로 예상되고 시장경쟁력제고도 기대된다 모빌리티는 중장기 성장의 토대를 확고히 할 전망이다  기존 가맹택시  대리운전 외에도 주차 정비 전기충전등막대한애프터마켓시장에서시장지배력을확대해 나갈 계획    주가 프리미엄 상승 중 주가상승에도 불구하고 향후 카카오의 주가흐름과 관련해서는 여전히우호적인 관점에서 접근해야 할 것으로 보인다  최근 증가된 시가총액에 따른     편입등 수급개선도긍정적이다   분기 이후 두드러진실적개선이 부각될전망이며     를 포함한자회사들의 가치상승도 투자심리개선에 기여할 것으로 판단하기때문이다  정확한 추정치산출에 어려움이 있으나최근 예상되고 있는 상장가치 및 투자유치     를감안한 주요자회사의 지분가 치는  조원이상이될 것으로 예상된다  보수적인 관점에서자회사 지분가치에    수준의 할인율을 반영해 적정주가를        원으로 상향조정    여러분의 공감과 댓글은 더 좋은 정보를 드리는 원동력이 됩니다  이하 자세한 내용은 원문 참조     아래 링크를 클릭하시면 리포트 전문을 확인하실수 있습니다  무책임한 카톡방은 이제 그만  리스크 없는 안전한 종목만 매도까지 함께 매매합니다  카카오증권  위  키움투자  위 주식불사조가 직접 무료 카톡방에서 기다립니다                                     카카오  하나금융투자  우상향  카카오뱅크  카카오톡  증권사리포트  주식불사조  카카오  하나금융투자  우상향  카카오뱅크  카카오톡  증권사리포트  주식불사조",45,"pos"
"45",2021-10-15," 카카오          최악의 폭풍은 지나갔다   카카오   보고서 원문보기                                                                                 국정감사 마무리되며 최악 구간 지남   카카오도 다양한 상생안 내놓으며 대응 중         영업이익      억원        으로 전망 컨센서스      억원    톡비즈는 커머스 추석 효과에      억원으로 전년동기대비       증가 예상   콘텐츠 매출      억원        으로 전망 오딘 흥행    게임 관련 수수료  마케팅비 증가에 영업비용은    조원            목표주가        원으로 하향하나 투자의견  매수  유지   모빌리티  뱅크 등 지분 가치 하향   대선까지 규제 노이즈 지속될 수 있으나 이미 주가가 크게 하락한 상황   규제책이 나온다고 하더라도 편의성 관점에서 유저들의 선택은 플랫폼으로 집중",-1,"neg"
"46",2020-05-07,"카카오               잠정실적이 발표되었습니다  매출액       억원                            영업이익     억원                              최근 카카오의 실적 성장세가 굉장히 무섭습니다  매출액은   분기 연속 전분기 전년동기대비 성장세가 이어지고 있으며  영업이익은    년  분기 이후  분기 연속 전분기 전년동기대비 큰 폭의 성장세가 나타나고 있습니다  특히    년  분기 영업이익은    억원으로    년  분기 이후 가장 좋은 실적입니다  특히 시장 컨센이 약    억원이었다는 점을 감안하면  예상치를 크게 상회한 어닝 서프라이즈입니다                        ",14,"pos"
"47",2020-12-25,"톡비즈 카카오통 광고   페이  픽코마 카카오 재팬 컴텐츠 사업   분기 탑라인 성장 견인 동사  분기 연결 매출액은     조원                          탑라인 성장률은 고점을 기록한 전분기를 재차 상회할 전망  톡비즈 내 비즈보드와 커머스 모두 전분기 수준의 높은 성장  톡비즈는  탭으로의 지면 확대 및 광고주들의 코로나로 인한 이연된 연간 마케팅 예산의  분기 집행이 집중된 효과   탭으로의 커머스는 선물하기 내 배송상품 비중 확대 및 톡딜 호조에 기인  페이는 연간     전자상거래 총매출액  가이던스   조       조 를 여전히 유지      년 구독경제 금융 모빌리티 등 소비자효용 신사업 강화     년 탑라인 성장은 신사업  유료콘텐츠  톡비즈 순의 기여를 예상  페이 및 모빌리티에서 연 간 영업흑자의 유의미한 실적을 만들고 도입 초기의 구독경제 사업모델을 발전시키는 전략이 될 것으로 전망  소비자 효용을 높이는 신사업들에 대해 외형 확대와 수익성 추구를 동시에 달성하는 원년이 될 것으로 예상  모바일 플랫폼으로의 쏠림 현상 가속화 수혜는 계속된다 동사에 대해 투자의견 매수  투자의 견 매수 근거는 금융 페이 은행 증권 카드   커머스  모빌리티  구독경제까지 하나의 플랫폼으 로 통합 가속화 수혜가 집중될 전망  페이  모빌리티  재팬 등 자회사들의 마진 레버리지 발생에 따른 연결    영업이익률  의 가파른 증익이 예상되기 때문  네이버와 같은 가파른 매출액 상승  톡비즈를 주축으로한 플랫폼 사업이 큰 성장성을 띄고있음  번돈을 다시 크게 투자함으로써 외형을 넓히려는 노력이 보임  카카오        시가총액  위  시가총액     조    억        기준  외국인 소진율 약    ",30,"pos"
"48",2021-09-23,"금소법으로 직격타 맞은 카카오 어떻게 대처해야 할까 방향성은 정치권의 비판과 규제가 강화되자 카카오는   일 사회적 책임 강화안을 발표  신사업의 일부 수익 모델 포기로 수익화 전환 시점과 상장 일정 지연이 예상됨 시장은 카카오의 선제적 책임 강화안 발표로 규제 이슈 와화를 기대하고 있으나  가맹 택시 수수료  배차 집중  지배구조 등 이슈가 남아 있는 만큼 리스크 지속 가능성 성장 속도에 대한 기대치 조정 필요  사회적 책임 강화 방안 발표  최근 정부와 정치권의 비판과 규제 강화에 대응하여 카카오는   일 사회적 책임 강화안을 발표  강화안에는   유금인상 우려 해소 모빌리티 스마트호출 서비스 폐지  프로멤버십 가격인하  대리기사 변동수수료제 도입     골목상권 보호  년간      억원의 파트너 상생기금 마련  가맹택시 사업자와 상생 협의회 구성  꽃 간식 등 배달 중개 서비스 철회      케이큐브홀딩스의 사회적 기업 전환 등 최근 문제가 제기되었던 사업에 대한 대책을 상당부분 포함 신사업 성장 속도 조절  핀테크 자회사의 일부 보험 중개 서비스 중단과 더불어 모빌리티의 수익모델 조정으로 신사업의 수익화 일정이 다소 늦춰질 전망  또한 핵심 서비스를 중심으로 밸류체인 전체로 빠르게 사업 영역을 확대해가던 기존의 사업 전략도 속도 조절이 불가피  장기적으로는 새로운 형태의 수익모델을 도입함으로써 포기한 사업에 대한 수익 보전이 가능하다고 판단되나   매출과 이익 성장 속도는 다소 느려질 것으로 판단됨",2,"pos"
"49",2021-09-23,"안녕하세요   주식 공부하자 주공입니다  카카오의 대해 진짜로 궁금해 하시는 분들이 많다는 생각이 드네요   몇몇 분들이 메일을 보내주시는데 오늘은 간단히 카카오에 대해서 이야기 해드릴까 합니다  다만  주식은 오늘 또는 내일 그리고 개인적인 제 생각이기에 어떻게 될지 모르는 일입니다  카카오는 국내  위 메신저인 카카오톡을 보유하고 있는    기업입니다  메신저 커머스 모빌리티 핀테크 등 다양한 서비스를 제공하고 있으며    개 기업을 연결대상 종속 기업으로 보유하고 있습니다  자회사로 카카오뱅크 카카오게임 상장했으며  곧 카카오페이도 상장을 합니다  예전에 제가 센터에서 말씀 드린적이 있는데 저는 카카오를 좋아하지 않는다고 했습니다  저 역시 메신저는 카카오를 쓰고 있지만  주주로써는 카카오는 좋게 생각하지 않는다고 했는데   이유는 아실거라 봅니다  너무 많은 계열사상장이 이유에 하나죠   우선 개인적으로 카카오는 여러가지 규제로 묶혀 있습니다  가지고 계신분들 이라면 이미 이때 처리를 해야 하는 게 맞는건데   카카오는 좀 고평가가 된 기업이라 생각을하고  좀더 규제가 나오지 않을까   하는 생각도 합니다  일봉 주봉 계속 하락장으로 가고 있으며  아직은 좀   더 지켜보시면 어떠실까 합니다  거기다가 투자자 성향을 보더라도 기관 외인들도 모두 매도 중입니다  만약에 그래도 투자를 하고 싶으시면 차트상 최근 카카오 저점이       원이네요   거기까지는 열려있습니다  거기까지 보시면 좋을꺼 같습니다  그래도 오를꺼 같아 사고 싶으시다면   분할 매수로 들어갑니다  우선   개를 살 예정이다 라면 우선  개만 그후 제가 말한 금액이 오면  개 그후 제가 말한 금액이후   떨어지면  개 넣어주시면 좋을꺼 같습니다  기관들은 현재 물려 있는 금액이 있네요   어떻게 할까요   기관 외인들이 털어내야 하겠죠   그러기 위해선 기술적인 반등이 한번이나 두번정도 올겁니다  그리고 본인들꺼 우리같은 개미들에게 떠 넘기고 하락시킬겁니다  그러니 오른다고 흥분해서 막 사시는 분들   그건 제꺼 아닙니다   흥분하지 마세요   흥분해서 사실꺼면 그냥 컴 끄세요    내돈 내자산 내가 지키는 겁니다  단  분 공부가 일년후 내 미래가 바뀐다 ",22,"pos"
"50",2020-12-21," 관종은 프로님의 보유종목  저점매수 가능한 종목  신규매수 가능한 종목 스윙 데이 구분없이 게시 을 분석한 것이며       상승하는것은 아니며  회원님들과 공유하는 공부용이며 추천이 아님을 인지해 주세요    또한 데이 성격으로 낼 바로 상승할 수도 있지만  스윙성격도 가능하니 유연하게 생각하세요 기업동사는 국내  위 메신저인 카카오톡 운영을 바탕으로 성장하였음  카카오톡을 중심으로한 모바일 생태계 안에서 다양한 사업부문들이 시너지를 발휘하며 수익을 창출하고 있음  메신저  포털  커머스  모빌리티  테크핀 등 다양한 생활 밀착형 플랫폼 서비스를 통해 이용자에게 새로운 편익을 제공함  자회사인 카카오페이가     년 상반기 카카오페이증권을 선보임  카카오게임즈는     년  월 코스닥 시장에 상장함 시총      주주  총주식수    만주재료  투자증권은   일 카카오의 압도적인 외형성장이 기대된다고 밝혔다  톡보드 광고  커머스 등 주요사업 부문 성장뿐만 아니라 픽코마  페이지의 고성장과 더불어뱅크  페이  모빌리티 등 신사업 부문에서의 수익성 확대에 따른 가치 상향을 반영했다   모든 사업부에서 폭발적인 외형성장이 나타나고 있으며  적자 자회사들의 흑자 전환으로 이익 레버리지 효과가 본격적으로 나타나고 있다 카카오 매출액은     년  조 원에서     년  조    억 원을 넘어설 것으로 업계는 전망하고 있다  아울러   투자증권은     년  조    억 원      년  조    억 원으로 매년 약  조 원씩 매출이 늘어날 것으로 봤다  톡보드 일매출액은     년 말   억 원      년말   억 원 이상 달성할 것으로 보인다   또 페이  뱅크  모빌리티는     년    를 상회하는 매출 성장률을 기록할 것으로 예상한다수익성이 높은 톡보드 광고 매출 증대와 더불어 적자 자회사들의 이익 회수 구간 돌입에 따라 전체 영업이익에 높은 레버리지 효과가 나타나고 있다 면서      년부터는 신사업들의 이익기여가 본격화되며  영업손실    억 원으로 전년대비       크게 감소할 전망이다기술적분석및정리모바일 메신저  어플리케이션 개발  모바일 플랫폼 구축 등의 사업을 영위하는 카카오가 인터넷 포털 서비스 제공업체 다음을 통해 우회상장한 업체로 지  차트 큰상승이후 조정을 거치며 재바닥을잡아가는 과정속 폭발적인 외형성장이 기대된다는 소식에 기관외인 양매수속 다시올라와주는모습지속관찰 종목이며 충분히 수익줄수 있는 자리이며 접근시 철저한 원칙대응 필수구간이며 대응이 안되면 접근금지 온라인반 바로가기                                         오프라인 학습반 바로가기                                          책 방송 등 여기 저기서 얻은 지식으로는 꾸준한 수익 어렵다 섬세한 공부와 경험이 좋은 결과를 만든다 열공입니다     시간들여 만든것입니다  덧글은 매너인거 아시죠    전업주식고수모임 자유스탁  공부하는카페 주식공부방법 초보주식투자방법 주식공부 주식매매일지 주식교육 주식학습 주식매매수익 주식수익 주식수익률 기본적분석 주식수익 주식투자수익 주식종목토론 주식추천 주식세력 기술적분석 차트공부 주식투자로 원금회복하고 주식고수 주식투자성공 슈퍼개미 된다 ",42,"pos"
"51",2020-08-27,"안녕하세요 주린이 남자입니다  태풍이 그래도 생각보다 크게  상처는 안주는듯 합니다 코로나도 빨리 확산세가 줄어들었으면 좋겠습니다 처음 주식을 산건  월  일부터 대상주식회사 식품 부터 시작하게되었네요 여유돈으로 시작하게 되어 오늘날까지 드디어  월  일자로 제자산이  억이 되었네요   앞으로 더 얼마나 투자할지는 모르겠으나  기념으로 남겨봅니다  다른 여러분들께서도 저보다 더많은 수익률과 재산을 축적하시는거 알지만 배가 아파서 저도 좀 남겨봅니다   지금 시작하시는분들께서도 성투하시구요   코로나도 태풍도 이겨보는 한주 되시길 바랍니다 왕이프님한테 삼성증권계좌  억되면 가방사준다했는데        얼마짜리 가방을사달라고 할지    ",3,"pos"
"52",2021-08-09,"하루한게시물만추세상 단기하락 구간 이나하단 지지를 보자카카오          한국   정호윤  안도영매출액은 전년동기대비       증가한     조원  영업이익은       증가한      억원을 기록    년 카카오의 이익 증가를 이끌고 있는 톡비즈의 성장이 지속될 전망  높은 광고효과로 광고주 유입이 지속되고 있으며 커머스 또한 기존 주 고객층이 아니었던     대의 유입 및 카테고리 다각화로 객단가가 동반 상승 중모빌리티  핀테크 등 핵심 신사업들의 성장도 여전히 견조  특히 모빌리티와 핀테크는 여전히 매출 증가 초기 국면으로 향후 이익 기여도는 점차 높아질 것웹툰을 활용한 비즈니스 고도화 또한 중요함  웹툰    인지도가 세계적으로 높아지고 있으며 이를 통해 영상콘텐츠를 제작  흥행시키는 시너지 효과가 서서히 가속화 될 전망투자의견 매수  목표주가        원 유지  년 예상 매출액  조     억원  영업이익     억원          배",19,"pos"
"53",2021-04-01,"구글  카카오모빌리티에  천만달러 투자 장기적 협업 추진구글 지분      확보  최대주주는 카카오        이데일리 김현아 기자  구글 인터내셔널                           이 카카오모빌리티에     만 달러 한화    억원 를 투자해 지분     를 확보했다 카카오        는 종속회사인 카카오모빌리티가    억원 규모의 운영자금을 마련하기 위해 구글 인터내셔널을 대상으로 제 자배정 유상증자를 결정했다고  일 공시했다 이번 유증으로 보통주   만   주가 새로 발행되며  이는 증자전 발행주식     만   주 의     에 해당하는 규모다  신주발행가는  만    원이며  납입일은  월   일이다 이로써 카카오모빌리티 지분은 구글이     를 보유하고  카카오는           컨소시엄은        칼라힐은     를 보유하게 됐다 카카오 관계자는  이번 구글의 투자는 재무적인 게 아니고 글로벌 시장 진출 등에서 장기적으로 협업한다는 의미가 있다 고 설명했다                                                                                       적은 금액이긴하지만 구글이랑 협업하는것에 고점 줘야할만한 기사같네요  매너가 비트맨을 만든다    내용없는 한 줄 글 경고없이 삭제 및 징계   ",14,"pos"
"54",2021-10-01,"국감이 끝나면 네이버와 카카오는 우상향 할것 같습니다 기자수첩  수상한 김범수  국감 소환은 기회 금쪽이  수준의  블라인드 망언  국회라도 나서야이인애 기자                                                프라임경제  국회가  오냐오냐 해줬더니 버르장머리 없이 큰  카카오        를 불러 따끔하게 혼내줄 채비를 마쳤다  국회 정무위원회 과학기술정보방송통신위원회 환경노동위원회 등  개 상임위원회가 올해 국정감사장에 카카오를 불러내기 위해 벼르고 있다  다양한 분야의 기업을 무차별 흡수하며 몸집을 불린 카카오의 독주를 막기 위해 나선 것 이들의 소환에 카카오가 무조건 응해야 하는 건 아니다  다만 카카오가 얼마나 시대착오적인 가치관을 가지고 수상한 짓을 벌여왔는지 어느 정도 들켜버린 상황에서 국감장이라는 무대는 오히려 기회일 수 있다  반성과 개선 의지를 피력할 수 있는 판이 깔리기 때문이다 최근 직장인 익명 어플리케이션  블라인드 에 카카오 직원으로 추정되는 유저가  이때다 싶어 카카오 때리는 사람들  오늘도 역시 카톡으로 친구들이랑 연락했겠지  솔직히 하루만 카톡이 멈추면 우리나라 제대로 돌아갈 것 같아  라는 내용의 글을 게시해 화제가 됐다  이런 망언은 카카오 구성원들 내부에 자사 점유율에 기인한 대중 경시 태도가 형성됐음을 보여준다  카카오톡이 우리 생활에서  사라지면 불편한  서비스로 자리 잡은 것은 맞다  그렇다고 사용자가 불합리한 수수료 책정으로 인한 계열사 소비자 피해와 오너일가 사익편취 정황  마음 편히 불법을 저지르기 위한 전관 영입 등 해당 기업의 그릇된 행위를 인지하고도 지적할 권리까지 빼앗긴 건 아니다 카카오는 지난  년 동안 약    개의 기업을 흡수하면서 골목상권을 침해하는 등 불공정행위를 저질렀지만 공정위 제재는 단 한 건도 없었으며 기존 절차까지도 생략한 채 프리패스 됐다  인수 대상 기업이 대부분 제재 대상이 되지 않을 정도로 작은 규모거나 경쟁제한성이 낮은 혼합결합 서로 무관한 사업간 결합 이라는 이유다  정부가 간과했던 이 혼합결합이 모이면서 카카오 권력에 힘을 실어줬다  예를 들어 택시 사업을 하면서 쌓인  사람들이 언제 어디로 이동하고 얼마나 많이 이동하는지  등 데이터는 부동산 사업에서 사용할 수 있다  뿐만 아니라 한 사람이 카카오 계열사 서비스   개를 이용한다고 하면 해당 연령 성별에서 선호하는 서비스 데이터도 추출이 가능하기 때문에 광고 사업에도 도움이 된다  이처럼 카카오에 모인 데이터들은 여러 사업과 연동해 이용할 수 있기 때문에 카카오의 독점 위험성이 갈수록 확장되고 있는 상황이다 일각에서는 글로벌    기업들이 경쟁적으로 성장하고 있는 지금 국내 기업 성장을 저해할 수 있는 정부의 이번 결정을 탓하는 목소리도 나온다 이들 말처럼 정부가 계속 카카오 독주를 지원하고 불공정행위를 묵인해서 세계  위   기업이 됐다고 가정해보자  현재도 국내 소비자와 계열사뿐 아니라 본사 직원들까지도 불공정행위 피해자로 만들고 있는 카카오가 그땐 어떻게 변해 있을지 생각해 봐야 한다 아직까지는 정부도 카카오도 기회는 있다  국감을 통해 여론과 민심의 회초리를 달게 받아야 한다  현재 상황에서 카카오는 등 돌린 민심을 되찾기 위해 국감장에 나가 잘못을 인정하고 확실한 재발방지 대책을 약속하는 게 가장 빠른 선택이다  늦었지만 지금이라도 카카오 시장 예절교육에 힘을 쏟을 때다  이인애 기자                       ",10,"pos"
"55",2020-08-31,"안녕하세요 주경쌤   오늘도 라방 감사히 들었습니다      네이버 검색 중         님 블로그 통해서 정보를 얻었습니당   꿀잠 주무시고 내일도 성투하세요                   님 블로그 엘비세미콘       자회사 엘비인베스트먼트가 미래창조    선도기업투자펀드  호로      지분 보유다날       자회사 다날엔터테인먼트가 두나무지분        케이큐브  호 벤처투자조합      지분 보유로 케이큐브 홀딩스가 카카오게임즈의 지분      보유중에이티넘인베스트       에이티넘 고성장기업투자조합이 카카오게임즈의 지분       보유선데이토즈       애니팡 회사          선데이토즈 최대주주 스마일게이트 홀딩스가 카카오게임즈의 지분       보유",5,"pos"
